question_id,question_text,tier,cluster,failure_cause,customer_job,oc_mechanisms,required_data_refs,answerability,toolkit_ready,product_ready,publication_ready,business_ready,public_status,chain_stage,current_readiness,source_ref,evidence_refs,gap_note
EAQ_001,Can the architecture remain serviceable under sustained peak load without hidden destructive dynamics?,T1_SURVIVAL_SECURITY,SURVIVABILITY_LOAD,SURVIVABILITY_UNDER_LOAD,"survive load, feedback, and resilience stress","THR::DISCOVERY_DESTRUCTION_DYNAMICS, THR::DISCOVERY_PHASE_TRANSITION_HYSTERESIS","logion/k7/spe/state/toolkit/EA_CASE_CORPUS_MANIFEST_latest.json, logion/k7/spe/state/toolkit/EA_REQUIRED_DATA_PACKAGE_latest.json",ANSWERED,0,0,0,0,SCIENTIFICALLY_SUPPORTED,QUESTION_LOCAL_SUPPORT_CHAIN_COMPLETE,QUESTION_CHAIN_COMPLETE,logion/k7/spe/state/strategy/EA_QUESTION_LADDER_latest.json; logion/k7/spe/state/strategy/QUESTION_CHAIN_PORTFOLIO_REGISTRY_latest.json; logion/k7/spe/state/toolkit/<PUBLIC_BOUNDARY_REDACTED_FILENAME>; logion/k7/reports/ea_questions/EAQ_001/EAQ_001_ANSWER_PACKET_latest.md,logion/k7/reports/ea_questions/EAQ_001/EAQ_001_ANSWER_PACKET_latest.md; _tmp_pytest/root/test_eaq001_case_bound_packets0/ea_questions/EAQ_001/EAQ_001_PYTHON_SIMULATION_RESULT_latest.json; _tmp_pytest/root/test_eaq001_case_bound_packets0/ea_questions/EAQ_001/<PUBLIC_BOUNDARY_REDACTED_FILENAME>; _tmp_pytest/root/test_eaq001_case_bound_packets0/ea_questions/EAQ_001/EAQ_001_PUBLICATION_PACKET_latest.md; _tmp_pytest/root/test_eaq001_case_bound_packets0/ea_questions/EAQ_001/<PUBLIC_BOUNDARY_REDACTED_FILENAME>,No question-local gap for bounded EA-domain answer.
EAQ_002,Will a system that looks migration-ready still fail once real production load and coupling are applied?,T1_SURVIVAL_SECURITY,SURVIVABILITY_LOAD,MIGRATION_READY_FALSE_POSITIVE,"survive load, feedback, and resilience stress","THR::DISCOVERY_DESTRUCTION_DYNAMICS, THR::DISCOVERY_PHASE_TRANSITION_HYSTERESIS","logion/k7/spe/state/toolkit/EA_CASE_CORPUS_MANIFEST_latest.json, logion/k7/spe/state/toolkit/EA_REQUIRED_DATA_PACKAGE_latest.json",ANSWERED,0,0,0,0,SCIENTIFICALLY_SUPPORTED,QUESTION_LOCAL_SUPPORT_CHAIN_COMPLETE,QUESTION_CHAIN_COMPLETE,logion/k7/spe/state/strategy/EA_QUESTION_LADDER_latest.json; logion/k7/spe/state/strategy/QUESTION_CHAIN_PORTFOLIO_REGISTRY_latest.json; logion/k7/spe/state/toolkit/<PUBLIC_BOUNDARY_REDACTED_FILENAME>; logion/k7/reports/ea_questions/EAQ_002/EAQ_002_ANSWER_PACKET_latest.md,logion/k7/reports/ea_questions/EAQ_002/EAQ_002_ANSWER_PACKET_latest.md; logion/k7/reports/ea_questions/EAQ_002/EAQ_002_PYTHON_SIMULATION_RESULT_latest.json; logion/k7/reports/ea_questions/EAQ_002/<PUBLIC_BOUNDARY_REDACTED_FILENAME>; logion/k7/reports/ea_questions/EAQ_002/EAQ_002_PUBLICATION_PACKET_latest.md; logion/k7/reports/ea_questions/EAQ_002/<PUBLIC_BOUNDARY_REDACTED_FILENAME>,No question-local gap for bounded EA-domain answer.
EAQ_003,Where can hidden dependency blast radius turn a local incident into estate-wide failure?,T1_SURVIVAL_SECURITY,TRANSFORMATION_FAILURE,HIDDEN_DEPENDENCY_BLAST_RADIUS,make change and migration risk visible,"THR::DISCOVERY_DESTRUCTION_DYNAMICS, THR::DISCOVERY_LIFECYCLE_INTEGRITY_FEEDBACK, THR::DISCOVERY_PHASE_TRANSITION_HYSTERESIS","logion/k7/spe/state/toolkit/EA_CASE_CORPUS_MANIFEST_latest.json, logion/k7/spe/state/toolkit/EA_REQUIRED_DATA_PACKAGE_latest.json",ANSWERED,0,0,0,0,SCIENTIFICALLY_SUPPORTED,QUESTION_LOCAL_SUPPORT_CHAIN_COMPLETE,QUESTION_CHAIN_COMPLETE,logion/k7/spe/state/strategy/EA_QUESTION_LADDER_latest.json; logion/k7/spe/state/strategy/QUESTION_CHAIN_PORTFOLIO_REGISTRY_latest.json; logion/k7/spe/state/toolkit/<PUBLIC_BOUNDARY_REDACTED_FILENAME>; logion/k7/reports/ea_questions/EAQ_003/EAQ_003_ANSWER_PACKET_latest.md,logion/k7/reports/ea_questions/EAQ_003/EAQ_003_ANSWER_PACKET_latest.md; logion/k7/reports/ea_questions/EAQ_003/EAQ_003_PYTHON_SIMULATION_RESULT_latest.json; logion/k7/reports/ea_questions/EAQ_003/<PUBLIC_BOUNDARY_REDACTED_FILENAME>; logion/k7/reports/ea_questions/EAQ_003/EAQ_003_PUBLICATION_PACKET_latest.md; logion/k7/reports/ea_questions/EAQ_003/<PUBLIC_BOUNDARY_REDACTED_FILENAME>,No question-local gap for bounded EA-domain answer.
EAQ_004,Can a control-plane fault take down the data plane or recovery path?,T1_SURVIVAL_SECURITY,SURVIVABILITY_LOAD,CONTROL_PLANE_COUPLING,"survive load, feedback, and resilience stress","THR::DISCOVERY_DESTRUCTION_DYNAMICS, THR::DISCOVERY_PHASE_TRANSITION_HYSTERESIS","logion/k7/spe/state/toolkit/EA_CASE_CORPUS_MANIFEST_latest.json, logion/k7/spe/state/toolkit/EA_REQUIRED_DATA_PACKAGE_latest.json",ANSWERED,0,0,0,0,SCIENTIFICALLY_SUPPORTED,QUESTION_LOCAL_SUPPORT_CHAIN_COMPLETE,QUESTION_CHAIN_COMPLETE,logion/k7/spe/state/strategy/EA_QUESTION_LADDER_latest.json; logion/k7/spe/state/strategy/QUESTION_CHAIN_PORTFOLIO_REGISTRY_latest.json; logion/k7/spe/state/toolkit/<PUBLIC_BOUNDARY_REDACTED_FILENAME>; logion/k7/reports/ea_questions/EAQ_004/EAQ_004_ANSWER_PACKET_latest.md,logion/k7/reports/ea_questions/EAQ_004/EAQ_004_ANSWER_PACKET_latest.md; logion/k7/reports/ea_questions/EAQ_004/EAQ_004_PYTHON_SIMULATION_RESULT_latest.json; logion/k7/reports/ea_questions/EAQ_004/<PUBLIC_BOUNDARY_REDACTED_FILENAME>; logion/k7/reports/ea_questions/EAQ_004/EAQ_004_PUBLICATION_PACKET_latest.md; logion/k7/reports/ea_questions/EAQ_004/<PUBLIC_BOUNDARY_REDACTED_FILENAME>,No question-local gap for bounded EA-domain answer.
EAQ_005,What conditions cause failover to preserve availability but corrupt state?,T1_SURVIVAL_SECURITY,CHANGE_SAFETY,FAILOVER_STATE_CORRUPTION,"survive load, feedback, and resilience stress","THR::DISCOVERY_LIFECYCLE_INTEGRITY_FEEDBACK, THR::DISCOVERY_PHASE_TRANSITION_HYSTERESIS","logion/k7/spe/state/toolkit/EA_CASE_CORPUS_MANIFEST_latest.json, logion/k7/spe/state/toolkit/EA_REQUIRED_DATA_PACKAGE_latest.json",ANSWERED,0,0,0,0,SCIENTIFICALLY_SUPPORTED,QUESTION_LOCAL_SUPPORT_CHAIN_COMPLETE,QUESTION_CHAIN_COMPLETE,logion/k7/spe/state/strategy/EA_QUESTION_LADDER_latest.json; logion/k7/spe/state/strategy/QUESTION_CHAIN_PORTFOLIO_REGISTRY_latest.json; logion/k7/spe/state/toolkit/<PUBLIC_BOUNDARY_REDACTED_FILENAME>; logion/k7/reports/ea_questions/EAQ_005/EAQ_005_ANSWER_PACKET_latest.md,logion/k7/reports/ea_questions/EAQ_005/EAQ_005_ANSWER_PACKET_latest.md; logion/k7/reports/ea_questions/EAQ_005/EAQ_005_PYTHON_SIMULATION_RESULT_latest.json; logion/k7/reports/ea_questions/EAQ_005/<PUBLIC_BOUNDARY_REDACTED_FILENAME>; logion/k7/reports/ea_questions/EAQ_005/EAQ_005_PUBLICATION_PACKET_latest.md; logion/k7/reports/ea_questions/EAQ_005/<PUBLIC_BOUNDARY_REDACTED_FILENAME>,No question-local gap for bounded EA-domain answer.
EAQ_006,Can transformation activity silently collapse security boundaries or privilege separation?,T1_SURVIVAL_SECURITY,SURVIVAL_SECURITY,SECURITY_BOUNDARY_COLLAPSE,prevent boundary and privilege collapse,"THR::DISCOVERY_DESTRUCTION_DYNAMICS, THR::DISCOVERY_LIFECYCLE_INTEGRITY_FEEDBACK","logion/k7/spe/state/toolkit/EA_CASE_CORPUS_MANIFEST_latest.json, logion/k7/spe/state/toolkit/EA_REQUIRED_DATA_PACKAGE_latest.json",ANSWERED,0,0,0,0,SCIENTIFICALLY_SUPPORTED,QUESTION_LOCAL_SUPPORT_CHAIN_COMPLETE,QUESTION_CHAIN_COMPLETE,logion/k7/spe/state/strategy/EA_QUESTION_LADDER_latest.json; logion/k7/spe/state/strategy/QUESTION_CHAIN_PORTFOLIO_REGISTRY_latest.json; logion/k7/spe/state/toolkit/<PUBLIC_BOUNDARY_REDACTED_FILENAME>; logion/k7/reports/ea_questions/EAQ_006/EAQ_006_ANSWER_PACKET_latest.md,logion/k7/reports/ea_questions/EAQ_006/EAQ_006_ANSWER_PACKET_latest.md; logion/k7/reports/ea_questions/EAQ_006/EAQ_006_PYTHON_SIMULATION_RESULT_latest.json; logion/k7/reports/ea_questions/EAQ_006/<PUBLIC_BOUNDARY_REDACTED_FILENAME>; logion/k7/reports/ea_questions/EAQ_006/EAQ_006_PUBLICATION_PACKET_latest.md; logion/k7/reports/ea_questions/EAQ_006/<PUBLIC_BOUNDARY_REDACTED_FILENAME>,No question-local gap for bounded EA-domain answer.
EAQ_007,"Which retry, timeout, or queue feedback loops can create a cascading failure under stress?",T1_SURVIVAL_SECURITY,SURVIVABILITY_LOAD,CASCADE_RETRY_STORM,"survive load, feedback, and resilience stress","THR::DISCOVERY_DESTRUCTION_DYNAMICS, THR::DISCOVERY_PHASE_TRANSITION_HYSTERESIS","logion/k7/spe/state/toolkit/EA_CASE_CORPUS_MANIFEST_latest.json, logion/k7/spe/state/toolkit/EA_REQUIRED_DATA_PACKAGE_latest.json",ANSWERED,0,0,0,0,SCIENTIFICALLY_SUPPORTED,QUESTION_LOCAL_SUPPORT_CHAIN_COMPLETE,QUESTION_CHAIN_COMPLETE,logion/k7/spe/state/strategy/EA_QUESTION_LADDER_latest.json; logion/k7/spe/state/strategy/QUESTION_CHAIN_PORTFOLIO_REGISTRY_latest.json; logion/k7/spe/state/toolkit/<PUBLIC_BOUNDARY_REDACTED_FILENAME>; logion/k7/reports/ea_questions/EAQ_007/EAQ_007_ANSWER_PACKET_latest.md,logion/k7/reports/ea_questions/EAQ_007/EAQ_007_ANSWER_PACKET_latest.md; logion/k7/reports/ea_questions/EAQ_007/EAQ_007_PYTHON_SIMULATION_RESULT_latest.json; logion/k7/reports/ea_questions/EAQ_007/<PUBLIC_BOUNDARY_REDACTED_FILENAME>; logion/k7/reports/ea_questions/EAQ_007/EAQ_007_PUBLICATION_PACKET_latest.md; logion/k7/reports/ea_questions/EAQ_007/<PUBLIC_BOUNDARY_REDACTED_FILENAME>,No question-local gap for bounded EA-domain answer.
EAQ_008,Where is the real single point of failure despite nominal redundancy?,T1_SURVIVAL_SECURITY,SURVIVAL_SECURITY,LATENT_SINGLE_POINT_OF_FAILURE,prevent boundary and privilege collapse,"THR::DISCOVERY_DESTRUCTION_DYNAMICS, THR::DISCOVERY_LIFECYCLE_INTEGRITY_FEEDBACK","logion/k7/spe/state/toolkit/EA_CASE_CORPUS_MANIFEST_latest.json, logion/k7/spe/state/toolkit/EA_REQUIRED_DATA_PACKAGE_latest.json",ANSWERED,0,0,0,0,SCIENTIFICALLY_SUPPORTED,QUESTION_LOCAL_SUPPORT_CHAIN_COMPLETE,QUESTION_CHAIN_COMPLETE,logion/k7/spe/state/strategy/EA_QUESTION_LADDER_latest.json; logion/k7/spe/state/strategy/QUESTION_CHAIN_PORTFOLIO_REGISTRY_latest.json; logion/k7/spe/state/toolkit/<PUBLIC_BOUNDARY_REDACTED_FILENAME>; logion/k7/reports/ea_questions/EAQ_008/EAQ_008_ANSWER_PACKET_latest.md,logion/k7/reports/ea_questions/EAQ_008/EAQ_008_ANSWER_PACKET_latest.md; logion/k7/reports/ea_questions/EAQ_008/EAQ_008_PYTHON_SIMULATION_RESULT_latest.json; logion/k7/reports/ea_questions/EAQ_008/<PUBLIC_BOUNDARY_REDACTED_FILENAME>; logion/k7/reports/ea_questions/EAQ_008/EAQ_008_PUBLICATION_PACKET_latest.md; logion/k7/reports/ea_questions/EAQ_008/<PUBLIC_BOUNDARY_REDACTED_FILENAME>,No question-local gap for bounded EA-domain answer.
EAQ_009,What part of a cutover can create irreversible data loss before alarms fire?,T1_SURVIVAL_SECURITY,CHANGE_SAFETY,CUTOVER_DATA_LOSS,make change and migration risk visible,"THR::DISCOVERY_LIFECYCLE_INTEGRITY_FEEDBACK, THR::DISCOVERY_PHASE_TRANSITION_HYSTERESIS","logion/k7/spe/state/toolkit/EA_CASE_CORPUS_MANIFEST_latest.json, logion/k7/spe/state/toolkit/EA_REQUIRED_DATA_PACKAGE_latest.json",ANSWERED,0,0,0,0,SCIENTIFICALLY_SUPPORTED,QUESTION_LOCAL_SUPPORT_CHAIN_COMPLETE,QUESTION_CHAIN_COMPLETE,logion/k7/spe/state/strategy/EA_QUESTION_LADDER_latest.json; logion/k7/spe/state/strategy/QUESTION_CHAIN_PORTFOLIO_REGISTRY_latest.json; logion/k7/spe/state/toolkit/<PUBLIC_BOUNDARY_REDACTED_FILENAME>; logion/k7/reports/ea_questions/EAQ_009/EAQ_009_ANSWER_PACKET_latest.md,logion/k7/reports/ea_questions/EAQ_009/EAQ_009_ANSWER_PACKET_latest.md; logion/k7/reports/ea_questions/EAQ_009/EAQ_009_PYTHON_SIMULATION_RESULT_latest.json; logion/k7/reports/ea_questions/EAQ_009/<PUBLIC_BOUNDARY_REDACTED_FILENAME>; logion/k7/reports/ea_questions/EAQ_009/EAQ_009_PUBLICATION_PACKET_latest.md; logion/k7/reports/ea_questions/EAQ_009/<PUBLIC_BOUNDARY_REDACTED_FILENAME>,No question-local gap for bounded EA-domain answer.
EAQ_010,Can rollback fail because hidden coupling makes the old state unrecoverable?,T1_SURVIVAL_SECURITY,ROLLBACK_REBUILD,ROLLBACK_IMPOSSIBLE_UNDER_COUPLING,govern AI and automation readiness,"THR::DISCOVERY_LIFECYCLE_INTEGRITY_FEEDBACK, THR::DISCOVERY_PHASE_TRANSITION_HYSTERESIS","logion/k7/spe/state/toolkit/EA_CASE_CORPUS_MANIFEST_latest.json, logion/k7/spe/state/toolkit/EA_REQUIRED_DATA_PACKAGE_latest.json",ANSWERED,0,0,0,0,SCIENTIFICALLY_SUPPORTED,QUESTION_LOCAL_SUPPORT_CHAIN_COMPLETE,QUESTION_CHAIN_COMPLETE,logion/k7/spe/state/strategy/EA_QUESTION_LADDER_latest.json; logion/k7/spe/state/strategy/QUESTION_CHAIN_PORTFOLIO_REGISTRY_latest.json; logion/k7/spe/state/toolkit/<PUBLIC_BOUNDARY_REDACTED_FILENAME>; logion/k7/reports/ea_questions/EAQ_010/EAQ_010_ANSWER_PACKET_latest.md,logion/k7/reports/ea_questions/EAQ_010/EAQ_010_ANSWER_PACKET_latest.md; logion/k7/reports/ea_questions/EAQ_010/EAQ_010_PYTHON_SIMULATION_RESULT_latest.json; logion/k7/reports/ea_questions/EAQ_010/<PUBLIC_BOUNDARY_REDACTED_FILENAME>; logion/k7/reports/ea_questions/EAQ_010/EAQ_010_PUBLICATION_PACKET_latest.md; logion/k7/reports/ea_questions/EAQ_010/<PUBLIC_BOUNDARY_REDACTED_FILENAME>,No question-local gap for bounded EA-domain answer.
EAQ_011,"Which quota, rate-limit, or platform ceiling can collapse the system before expected capacity is reached?",T1_SURVIVAL_SECURITY,SURVIVABILITY_LOAD,PLATFORM_QUOTA_COLLAPSE,"survive load, feedback, and resilience stress","THR::DISCOVERY_DESTRUCTION_DYNAMICS, THR::DISCOVERY_PHASE_TRANSITION_HYSTERESIS","logion/k7/spe/state/toolkit/EA_CASE_CORPUS_MANIFEST_latest.json, logion/k7/spe/state/toolkit/EA_REQUIRED_DATA_PACKAGE_latest.json",ANSWERED,0,0,0,0,SCIENTIFICALLY_SUPPORTED,QUESTION_LOCAL_SUPPORT_CHAIN_COMPLETE,QUESTION_CHAIN_COMPLETE,logion/k7/spe/state/strategy/EA_QUESTION_LADDER_latest.json; logion/k7/spe/state/strategy/QUESTION_CHAIN_PORTFOLIO_REGISTRY_latest.json; logion/k7/spe/state/toolkit/<PUBLIC_BOUNDARY_REDACTED_FILENAME>; logion/k7/reports/ea_questions/EAQ_011/EAQ_011_ANSWER_PACKET_latest.md,logion/k7/reports/ea_questions/EAQ_011/EAQ_011_ANSWER_PACKET_latest.md; logion/k7/reports/ea_questions/EAQ_011/EAQ_011_PYTHON_SIMULATION_RESULT_latest.json; logion/k7/reports/ea_questions/EAQ_011/<PUBLIC_BOUNDARY_REDACTED_FILENAME>; logion/k7/reports/ea_questions/EAQ_011/EAQ_011_PUBLICATION_PACKET_latest.md; logion/k7/reports/ea_questions/EAQ_011/<PUBLIC_BOUNDARY_REDACTED_FILENAME>,No question-local gap for bounded EA-domain answer.
EAQ_012,"Will identity, secret, or policy propagation failure block safe recovery during an incident?",T1_SURVIVAL_SECURITY,SURVIVAL_SECURITY,IDENTITY_PROPAGATION_FAILURE,prevent boundary and privilege collapse,"THR::DISCOVERY_DESTRUCTION_DYNAMICS, THR::DISCOVERY_LIFECYCLE_INTEGRITY_FEEDBACK","logion/k7/spe/state/toolkit/EA_CASE_CORPUS_MANIFEST_latest.json, logion/k7/spe/state/toolkit/EA_REQUIRED_DATA_PACKAGE_latest.json",ANSWERED,0,0,0,0,SCIENTIFICALLY_SUPPORTED,QUESTION_LOCAL_SUPPORT_CHAIN_COMPLETE,QUESTION_CHAIN_COMPLETE,logion/k7/spe/state/strategy/EA_QUESTION_LADDER_latest.json; logion/k7/spe/state/strategy/QUESTION_CHAIN_PORTFOLIO_REGISTRY_latest.json; logion/k7/spe/state/toolkit/<PUBLIC_BOUNDARY_REDACTED_FILENAME>; logion/k7/reports/ea_questions/EAQ_012/EAQ_012_ANSWER_PACKET_latest.md,logion/k7/reports/ea_questions/EAQ_012/EAQ_012_ANSWER_PACKET_latest.md; logion/k7/reports/ea_questions/EAQ_012/EAQ_012_PYTHON_SIMULATION_RESULT_latest.json; logion/k7/reports/ea_questions/EAQ_012/<PUBLIC_BOUNDARY_REDACTED_FILENAME>; logion/k7/reports/ea_questions/EAQ_012/EAQ_012_PUBLICATION_PACKET_latest.md; logion/k7/reports/ea_questions/EAQ_012/<PUBLIC_BOUNDARY_REDACTED_FILENAME>,No question-local gap for bounded EA-domain answer.
EAQ_013,Can auto-scaling or control logic amplify the incident instead of stabilizing it?,T1_SURVIVAL_SECURITY,SURVIVABILITY_LOAD,AUTOMATION_DESTABILIZATION,"survive load, feedback, and resilience stress","THR::DISCOVERY_DESTRUCTION_DYNAMICS, THR::DISCOVERY_PHASE_TRANSITION_HYSTERESIS","logion/k7/spe/state/toolkit/EA_CASE_CORPUS_MANIFEST_latest.json, logion/k7/spe/state/toolkit/EA_REQUIRED_DATA_PACKAGE_latest.json",ANSWERED,0,0,0,0,SCIENTIFICALLY_SUPPORTED,QUESTION_LOCAL_SUPPORT_CHAIN_COMPLETE,QUESTION_CHAIN_COMPLETE,logion/k7/spe/state/strategy/EA_QUESTION_LADDER_latest.json; logion/k7/spe/state/strategy/QUESTION_CHAIN_PORTFOLIO_REGISTRY_latest.json; logion/k7/spe/state/toolkit/<PUBLIC_BOUNDARY_REDACTED_FILENAME>; logion/k7/reports/ea_questions/EAQ_013/EAQ_013_ANSWER_PACKET_latest.md,logion/k7/reports/ea_questions/EAQ_013/EAQ_013_ANSWER_PACKET_latest.md; logion/k7/reports/ea_questions/EAQ_013/EAQ_013_PYTHON_SIMULATION_RESULT_latest.json; logion/k7/reports/ea_questions/EAQ_013/<PUBLIC_BOUNDARY_REDACTED_FILENAME>; logion/k7/reports/ea_questions/EAQ_013/EAQ_013_PUBLICATION_PACKET_latest.md; logion/k7/reports/ea_questions/EAQ_013/<PUBLIC_BOUNDARY_REDACTED_FILENAME>,No question-local gap for bounded EA-domain answer.
EAQ_014,How far can survivability predictions be trusted before confidence exits the validated EA boundary?,T1_SURVIVAL_SECURITY,BOUNDARY_CONFIDENCE,SURVIVABILITY_CONFIDENCE_BOUNDARY,"survive load, feedback, and resilience stress",THR::DISCOVERY_PHASE_TRANSITION_HYSTERESIS,"logion/k7/spe/state/toolkit/EA_CASE_CORPUS_MANIFEST_latest.json, logion/k7/spe/state/toolkit/EA_REQUIRED_DATA_PACKAGE_latest.json",ANSWERED,0,0,0,0,SCIENTIFICALLY_SUPPORTED,QUESTION_LOCAL_SUPPORT_CHAIN_COMPLETE,QUESTION_CHAIN_COMPLETE,logion/k7/spe/state/strategy/EA_QUESTION_LADDER_latest.json; logion/k7/spe/state/strategy/QUESTION_CHAIN_PORTFOLIO_REGISTRY_latest.json; logion/k7/spe/state/toolkit/<PUBLIC_BOUNDARY_REDACTED_FILENAME>; logion/k7/reports/ea_questions/EAQ_014/EAQ_014_ANSWER_PACKET_latest.md,logion/k7/reports/ea_questions/EAQ_014/EAQ_014_ANSWER_PACKET_latest.md; logion/k7/reports/ea_questions/EAQ_014/EAQ_014_PYTHON_SIMULATION_RESULT_latest.json; logion/k7/reports/ea_questions/EAQ_014/<PUBLIC_BOUNDARY_REDACTED_FILENAME>; logion/k7/reports/ea_questions/EAQ_014/EAQ_014_PUBLICATION_PACKET_latest.md; logion/k7/reports/ea_questions/EAQ_014/<PUBLIC_BOUNDARY_REDACTED_FILENAME>,No question-local gap for bounded EA-domain answer.
EAQ_015,Which external dependency failures turn into existential local failure because of poor isolation?,T1_SURVIVAL_SECURITY,SURVIVABILITY_LOAD,EXTERNAL_DEPENDENCY_EXISTENTIAL_RISK,"survive load, feedback, and resilience stress","THR::DISCOVERY_DESTRUCTION_DYNAMICS, THR::DISCOVERY_PHASE_TRANSITION_HYSTERESIS","logion/k7/spe/state/toolkit/EA_CASE_CORPUS_MANIFEST_latest.json, logion/k7/spe/state/toolkit/EA_REQUIRED_DATA_PACKAGE_latest.json",ANSWERED,0,0,0,0,SCIENTIFICALLY_SUPPORTED,QUESTION_LOCAL_SUPPORT_CHAIN_COMPLETE,QUESTION_CHAIN_COMPLETE,logion/k7/spe/state/strategy/EA_QUESTION_LADDER_latest.json; logion/k7/spe/state/strategy/QUESTION_CHAIN_PORTFOLIO_REGISTRY_latest.json; logion/k7/spe/state/toolkit/<PUBLIC_BOUNDARY_REDACTED_FILENAME>; logion/k7/reports/ea_questions/EAQ_015/EAQ_015_ANSWER_PACKET_latest.md,logion/k7/reports/ea_questions/EAQ_015/EAQ_015_ANSWER_PACKET_latest.md; logion/k7/reports/ea_questions/EAQ_015/EAQ_015_PYTHON_SIMULATION_RESULT_latest.json; logion/k7/reports/ea_questions/EAQ_015/<PUBLIC_BOUNDARY_REDACTED_FILENAME>; logion/k7/reports/ea_questions/EAQ_015/EAQ_015_PUBLICATION_PACKET_latest.md; logion/k7/reports/ea_questions/EAQ_015/<PUBLIC_BOUNDARY_REDACTED_FILENAME>,No question-local gap for bounded EA-domain answer.
EAQ_016,Does the architecture have a safe degraded mode or only a disguised failure mode?,T1_SURVIVAL_SECURITY,SURVIVAL_SECURITY,DEGRADED_MODE_FALSE_SAFETY,prevent boundary and privilege collapse,"THR::DISCOVERY_DESTRUCTION_DYNAMICS, THR::DISCOVERY_LIFECYCLE_INTEGRITY_FEEDBACK","logion/k7/spe/state/toolkit/EA_CASE_CORPUS_MANIFEST_latest.json, logion/k7/spe/state/toolkit/EA_REQUIRED_DATA_PACKAGE_latest.json",ANSWERED,0,0,0,0,SCIENTIFICALLY_SUPPORTED,QUESTION_LOCAL_SUPPORT_CHAIN_COMPLETE,QUESTION_CHAIN_COMPLETE,logion/k7/spe/state/strategy/EA_QUESTION_LADDER_latest.json; logion/k7/spe/state/strategy/QUESTION_CHAIN_PORTFOLIO_REGISTRY_latest.json; logion/k7/spe/state/toolkit/<PUBLIC_BOUNDARY_REDACTED_FILENAME>; logion/k7/reports/ea_questions/EAQ_016/EAQ_016_ANSWER_PACKET_latest.md,logion/k7/reports/ea_questions/EAQ_016/EAQ_016_ANSWER_PACKET_latest.md; logion/k7/reports/ea_questions/EAQ_016/EAQ_016_PYTHON_SIMULATION_RESULT_latest.json; logion/k7/reports/ea_questions/EAQ_016/<PUBLIC_BOUNDARY_REDACTED_FILENAME>; logion/k7/reports/ea_questions/EAQ_016/EAQ_016_PUBLICATION_PACKET_latest.md; logion/k7/reports/ea_questions/EAQ_016/<PUBLIC_BOUNDARY_REDACTED_FILENAME>,No question-local gap for bounded EA-domain answer.
EAQ_017,Can load-shedding or prioritization logic harm the most critical business path first?,T1_SURVIVAL_SECURITY,SURVIVABILITY_LOAD,LOAD_SHEDDING_PRIORITY_HARM,"survive load, feedback, and resilience stress","THR::DISCOVERY_DESTRUCTION_DYNAMICS, THR::DISCOVERY_PHASE_TRANSITION_HYSTERESIS","logion/k7/spe/state/toolkit/EA_CASE_CORPUS_MANIFEST_latest.json, logion/k7/spe/state/toolkit/EA_REQUIRED_DATA_PACKAGE_latest.json",ANSWERED,0,0,0,0,SCIENTIFICALLY_SUPPORTED,QUESTION_LOCAL_SUPPORT_CHAIN_COMPLETE,QUESTION_CHAIN_COMPLETE,logion/k7/spe/state/strategy/EA_QUESTION_LADDER_latest.json; logion/k7/spe/state/strategy/QUESTION_CHAIN_PORTFOLIO_REGISTRY_latest.json; logion/k7/spe/state/toolkit/<PUBLIC_BOUNDARY_REDACTED_FILENAME>; logion/k7/reports/ea_questions/EAQ_017/EAQ_017_ANSWER_PACKET_latest.md,logion/k7/reports/ea_questions/EAQ_017/EAQ_017_ANSWER_PACKET_latest.md; logion/k7/reports/ea_questions/EAQ_017/EAQ_017_PYTHON_SIMULATION_RESULT_latest.json; logion/k7/reports/ea_questions/EAQ_017/<PUBLIC_BOUNDARY_REDACTED_FILENAME>; logion/k7/reports/ea_questions/EAQ_017/EAQ_017_PUBLICATION_PACKET_latest.md; logion/k7/reports/ea_questions/EAQ_017/<PUBLIC_BOUNDARY_REDACTED_FILENAME>,No question-local gap for bounded EA-domain answer.
EAQ_018,Which operator actions predictably worsen a live incident because the system is not recovery-safe?,T1_SURVIVAL_SECURITY,SURVIVAL_SECURITY,OPERATOR_ACTION_RISK,prevent boundary and privilege collapse,"THR::DISCOVERY_DESTRUCTION_DYNAMICS, THR::DISCOVERY_LIFECYCLE_INTEGRITY_FEEDBACK","logion/k7/spe/state/toolkit/EA_CASE_CORPUS_MANIFEST_latest.json, logion/k7/spe/state/toolkit/EA_REQUIRED_DATA_PACKAGE_latest.json",ANSWERED,0,0,0,0,SCIENTIFICALLY_SUPPORTED,QUESTION_LOCAL_SUPPORT_CHAIN_COMPLETE,QUESTION_CHAIN_COMPLETE,logion/k7/spe/state/strategy/EA_QUESTION_LADDER_latest.json; logion/k7/spe/state/strategy/QUESTION_CHAIN_PORTFOLIO_REGISTRY_latest.json; logion/k7/spe/state/toolkit/<PUBLIC_BOUNDARY_REDACTED_FILENAME>; logion/k7/reports/ea_questions/EAQ_018/EAQ_018_ANSWER_PACKET_latest.md,logion/k7/reports/ea_questions/EAQ_018/EAQ_018_ANSWER_PACKET_latest.md; logion/k7/reports/ea_questions/EAQ_018/EAQ_018_PYTHON_SIMULATION_RESULT_latest.json; logion/k7/reports/ea_questions/EAQ_018/<PUBLIC_BOUNDARY_REDACTED_FILENAME>; logion/k7/reports/ea_questions/EAQ_018/EAQ_018_PUBLICATION_PACKET_latest.md; logion/k7/reports/ea_questions/EAQ_018/<PUBLIC_BOUNDARY_REDACTED_FILENAME>,No question-local gap for bounded EA-domain answer.
EAQ_019,Are restore points and backups actually usable under the failure scenarios that matter most?,T1_SURVIVAL_SECURITY,CHANGE_SAFETY,RESTORE_POINT_INVALIDITY,make change and migration risk visible,"THR::DISCOVERY_LIFECYCLE_INTEGRITY_FEEDBACK, THR::DISCOVERY_PHASE_TRANSITION_HYSTERESIS","logion/k7/spe/state/toolkit/EA_CASE_CORPUS_MANIFEST_latest.json, logion/k7/spe/state/toolkit/EA_REQUIRED_DATA_PACKAGE_latest.json",ANSWERED,0,0,0,0,SCIENTIFICALLY_SUPPORTED,QUESTION_LOCAL_SUPPORT_CHAIN_COMPLETE,QUESTION_CHAIN_COMPLETE,logion/k7/spe/state/strategy/EA_QUESTION_LADDER_latest.json; logion/k7/spe/state/strategy/QUESTION_CHAIN_PORTFOLIO_REGISTRY_latest.json; logion/k7/spe/state/toolkit/<PUBLIC_BOUNDARY_REDACTED_FILENAME>; logion/k7/reports/ea_questions/EAQ_019/EAQ_019_ANSWER_PACKET_latest.md,logion/k7/reports/ea_questions/EAQ_019/EAQ_019_ANSWER_PACKET_latest.md; logion/k7/reports/ea_questions/EAQ_019/EAQ_019_PYTHON_SIMULATION_RESULT_latest.json; logion/k7/reports/ea_questions/EAQ_019/<PUBLIC_BOUNDARY_REDACTED_FILENAME>; logion/k7/reports/ea_questions/EAQ_019/EAQ_019_PUBLICATION_PACKET_latest.md; logion/k7/reports/ea_questions/EAQ_019/<PUBLIC_BOUNDARY_REDACTED_FILENAME>,No question-local gap for bounded EA-domain answer.
EAQ_020,Can an incident cross team and system boundaries faster than the operating model can coordinate response?,T1_SURVIVAL_SECURITY,SURVIVAL_SECURITY,OPERATING_MODEL_INCIDENT_BREAKDOWN,prevent boundary and privilege collapse,"THR::DISCOVERY_DESTRUCTION_DYNAMICS, THR::DISCOVERY_LIFECYCLE_INTEGRITY_FEEDBACK","logion/k7/spe/state/toolkit/EA_CASE_CORPUS_MANIFEST_latest.json, logion/k7/spe/state/toolkit/EA_REQUIRED_DATA_PACKAGE_latest.json",ANSWERED,0,0,0,0,SCIENTIFICALLY_SUPPORTED,QUESTION_LOCAL_SUPPORT_CHAIN_COMPLETE,QUESTION_CHAIN_COMPLETE,logion/k7/spe/state/strategy/EA_QUESTION_LADDER_latest.json; logion/k7/spe/state/strategy/QUESTION_CHAIN_PORTFOLIO_REGISTRY_latest.json; logion/k7/spe/state/toolkit/<PUBLIC_BOUNDARY_REDACTED_FILENAME>; logion/k7/reports/ea_questions/EAQ_020/EAQ_020_ANSWER_PACKET_latest.md,logion/k7/reports/ea_questions/EAQ_020/EAQ_020_ANSWER_PACKET_latest.md; logion/k7/reports/ea_questions/EAQ_020/EAQ_020_PYTHON_SIMULATION_RESULT_latest.json; logion/k7/reports/ea_questions/EAQ_020/<PUBLIC_BOUNDARY_REDACTED_FILENAME>; logion/k7/reports/ea_questions/EAQ_020/EAQ_020_PUBLICATION_PACKET_latest.md; logion/k7/reports/ea_questions/EAQ_020/<PUBLIC_BOUNDARY_REDACTED_FILENAME>,No question-local gap for bounded EA-domain answer.
EAQ_021,What is the minimum viable service the architecture can preserve during partial failure?,T2_OPERABILITY_CONTINUITY,OPERABILITY_CONTINUITY,MINIMUM_VIABLE_CONTINUITY,govern AI and automation readiness,"THR::DISCOVERY_DESTRUCTION_DYNAMICS, THR::DISCOVERY_LIFECYCLE_INTEGRITY_FEEDBACK","logion/k7/spe/state/toolkit/EA_CASE_CORPUS_MANIFEST_latest.json, logion/k7/spe/state/toolkit/EA_REQUIRED_DATA_PACKAGE_latest.json",ANSWERED,0,0,0,0,SCIENTIFICALLY_SUPPORTED,QUESTION_LOCAL_SUPPORT_CHAIN_COMPLETE,QUESTION_CHAIN_COMPLETE,logion/k7/spe/state/strategy/EA_QUESTION_LADDER_latest.json; logion/k7/spe/state/strategy/QUESTION_CHAIN_PORTFOLIO_REGISTRY_latest.json; logion/k7/spe/state/toolkit/<PUBLIC_BOUNDARY_REDACTED_FILENAME>; logion/k7/reports/ea_questions/EAQ_021/EAQ_021_ANSWER_PACKET_latest.md,logion/k7/reports/ea_questions/EAQ_021/EAQ_021_ANSWER_PACKET_latest.md; logion/k7/reports/ea_questions/EAQ_021/EAQ_021_PYTHON_SIMULATION_RESULT_latest.json; logion/k7/reports/ea_questions/EAQ_021/<PUBLIC_BOUNDARY_REDACTED_FILENAME>; logion/k7/reports/ea_questions/EAQ_021/EAQ_021_PUBLICATION_PACKET_latest.md; logion/k7/reports/ea_questions/EAQ_021/<PUBLIC_BOUNDARY_REDACTED_FILENAME>,No question-local gap for bounded EA-domain answer.
EAQ_022,Which observability gaps make root-cause diagnosis impossible when the system degrades?,T2_OPERABILITY_CONTINUITY,OBSERVABILITY_TELEMETRY,OBSERVABILITY_DIAGNOSIS_GAP,turn telemetry into decision-grade evidence,"THR::DISCOVERY_COMPENSATORY_ADAPTIVE_RESPONSE, THR::DISCOVERY_LIFECYCLE_INTEGRITY_FEEDBACK","logion/k4/observability/state/NIGHTLY_OUTCOME_YIELD_latest.json, logion/k7/spe/state/toolkit/EA_CASE_CORPUS_MANIFEST_latest.json, logion/k7/spe/state/toolkit/EA_REQUIRED_DATA_PACKAGE_latest.json, runtime/monitoring/live/ENGINEERING_TELEMETRY_latest.json",ANSWERED,0,0,0,0,SCIENTIFICALLY_SUPPORTED,QUESTION_LOCAL_SUPPORT_CHAIN_COMPLETE,QUESTION_CHAIN_COMPLETE,logion/k7/spe/state/strategy/EA_QUESTION_LADDER_latest.json; logion/k7/spe/state/strategy/QUESTION_CHAIN_PORTFOLIO_REGISTRY_latest.json; logion/k7/spe/state/toolkit/<PUBLIC_BOUNDARY_REDACTED_FILENAME>; logion/k7/reports/ea_questions/EAQ_022/EAQ_022_ANSWER_PACKET_latest.md,logion/k7/reports/ea_questions/EAQ_022/EAQ_022_ANSWER_PACKET_latest.md; logion/k7/reports/ea_questions/EAQ_022/EAQ_022_PYTHON_SIMULATION_RESULT_latest.json; logion/k7/reports/ea_questions/EAQ_022/<PUBLIC_BOUNDARY_REDACTED_FILENAME>; logion/k7/reports/ea_questions/EAQ_022/EAQ_022_PUBLICATION_PACKET_latest.md; logion/k7/reports/ea_questions/EAQ_022/<PUBLIC_BOUNDARY_REDACTED_FILENAME>,No question-local gap for bounded EA-domain answer.
EAQ_023,Where can batch or background load starve the online critical path?,T2_OPERABILITY_CONTINUITY,OPERABILITY_CONTINUITY,BACKGROUND_LOAD_STARVATION,"survive load, feedback, and resilience stress","THR::DISCOVERY_DESTRUCTION_DYNAMICS, THR::DISCOVERY_LIFECYCLE_INTEGRITY_FEEDBACK","logion/k7/spe/state/toolkit/EA_CASE_CORPUS_MANIFEST_latest.json, logion/k7/spe/state/toolkit/EA_REQUIRED_DATA_PACKAGE_latest.json",ANSWERED,0,0,0,0,SCIENTIFICALLY_SUPPORTED,QUESTION_LOCAL_SUPPORT_CHAIN_COMPLETE,QUESTION_CHAIN_COMPLETE,logion/k7/spe/state/strategy/EA_QUESTION_LADDER_latest.json; logion/k7/spe/state/strategy/QUESTION_CHAIN_PORTFOLIO_REGISTRY_latest.json; logion/k7/spe/state/toolkit/<PUBLIC_BOUNDARY_REDACTED_FILENAME>; logion/k7/reports/ea_questions/EAQ_023/EAQ_023_ANSWER_PACKET_latest.md,logion/k7/reports/ea_questions/EAQ_023/EAQ_023_ANSWER_PACKET_latest.md; logion/k7/reports/ea_questions/EAQ_023/EAQ_023_PYTHON_SIMULATION_RESULT_latest.json; logion/k7/reports/ea_questions/EAQ_023/<PUBLIC_BOUNDARY_REDACTED_FILENAME>; logion/k7/reports/ea_questions/EAQ_023/EAQ_023_PUBLICATION_PACKET_latest.md; logion/k7/reports/ea_questions/EAQ_023/<PUBLIC_BOUNDARY_REDACTED_FILENAME>,No question-local gap for bounded EA-domain answer.
EAQ_024,When does data freshness collapse before correctness alarms are raised?,T2_OPERABILITY_CONTINUITY,OPERABILITY_CONTINUITY,DATA_FRESHNESS_COLLAPSE,govern AI and automation readiness,"THR::DISCOVERY_DESTRUCTION_DYNAMICS, THR::DISCOVERY_LIFECYCLE_INTEGRITY_FEEDBACK","logion/k7/spe/state/toolkit/EA_CASE_CORPUS_MANIFEST_latest.json, logion/k7/spe/state/toolkit/EA_REQUIRED_DATA_PACKAGE_latest.json",ANSWERED,0,0,0,0,SCIENTIFICALLY_SUPPORTED,QUESTION_LOCAL_SUPPORT_CHAIN_COMPLETE,QUESTION_CHAIN_COMPLETE,logion/k7/spe/state/strategy/EA_QUESTION_LADDER_latest.json; logion/k7/spe/state/strategy/QUESTION_CHAIN_PORTFOLIO_REGISTRY_latest.json; logion/k7/spe/state/toolkit/<PUBLIC_BOUNDARY_REDACTED_FILENAME>; logion/k7/reports/ea_questions/EAQ_024/EAQ_024_ANSWER_PACKET_latest.md,logion/k7/reports/ea_questions/EAQ_024/EAQ_024_ANSWER_PACKET_latest.md; logion/k7/reports/ea_questions/EAQ_024/EAQ_024_PYTHON_SIMULATION_RESULT_latest.json; logion/k7/reports/ea_questions/EAQ_024/<PUBLIC_BOUNDARY_REDACTED_FILENAME>; logion/k7/reports/ea_questions/EAQ_024/EAQ_024_PUBLICATION_PACKET_latest.md; logion/k7/reports/ea_questions/EAQ_024/<PUBLIC_BOUNDARY_REDACTED_FILENAME>,No question-local gap for bounded EA-domain answer.
EAQ_025,Which latency collapses stay hidden because the error rate remains superficially normal?,T2_OPERABILITY_CONTINUITY,OPERABILITY_CONTINUITY,LATENCY_WITHOUT_ERROR_SIGNAL,govern AI and automation readiness,"THR::DISCOVERY_DESTRUCTION_DYNAMICS, THR::DISCOVERY_LIFECYCLE_INTEGRITY_FEEDBACK","logion/k7/spe/state/toolkit/EA_CASE_CORPUS_MANIFEST_latest.json, logion/k7/spe/state/toolkit/EA_REQUIRED_DATA_PACKAGE_latest.json",ANSWERED,0,0,0,0,SCIENTIFICALLY_SUPPORTED,QUESTION_LOCAL_SUPPORT_CHAIN_COMPLETE,QUESTION_CHAIN_COMPLETE,logion/k7/spe/state/strategy/EA_QUESTION_LADDER_latest.json; logion/k7/spe/state/strategy/QUESTION_CHAIN_PORTFOLIO_REGISTRY_latest.json; logion/k7/spe/state/toolkit/<PUBLIC_BOUNDARY_REDACTED_FILENAME>; logion/k7/reports/ea_questions/EAQ_025/EAQ_025_ANSWER_PACKET_latest.md,logion/k7/reports/ea_questions/EAQ_025/EAQ_025_ANSWER_PACKET_latest.md; logion/k7/reports/ea_questions/EAQ_025/EAQ_025_PYTHON_SIMULATION_RESULT_latest.json; logion/k7/reports/ea_questions/EAQ_025/<PUBLIC_BOUNDARY_REDACTED_FILENAME>; logion/k7/reports/ea_questions/EAQ_025/EAQ_025_PUBLICATION_PACKET_latest.md; logion/k7/reports/ea_questions/EAQ_025/<PUBLIC_BOUNDARY_REDACTED_FILENAME>,No question-local gap for bounded EA-domain answer.
EAQ_026,Where does actual topology diverge from intended topology in ways that break diagnosis and control?,T2_OPERABILITY_CONTINUITY,OBSERVABILITY_TELEMETRY,TOPOLOGY_DRIFT,turn telemetry into decision-grade evidence,"THR::DISCOVERY_COMPENSATORY_ADAPTIVE_RESPONSE, THR::DISCOVERY_LIFECYCLE_INTEGRITY_FEEDBACK","logion/k4/observability/state/NIGHTLY_OUTCOME_YIELD_latest.json, logion/k7/spe/state/toolkit/EA_CASE_CORPUS_MANIFEST_latest.json, logion/k7/spe/state/toolkit/EA_REQUIRED_DATA_PACKAGE_latest.json, runtime/monitoring/live/ENGINEERING_TELEMETRY_latest.json",ANSWERED,0,0,0,0,SCIENTIFICALLY_SUPPORTED,QUESTION_LOCAL_SUPPORT_CHAIN_COMPLETE,QUESTION_CHAIN_COMPLETE,logion/k7/spe/state/strategy/EA_QUESTION_LADDER_latest.json; logion/k7/spe/state/strategy/QUESTION_CHAIN_PORTFOLIO_REGISTRY_latest.json; logion/k7/spe/state/toolkit/<PUBLIC_BOUNDARY_REDACTED_FILENAME>; logion/k7/reports/ea_questions/EAQ_026/EAQ_026_ANSWER_PACKET_latest.md,logion/k7/reports/ea_questions/EAQ_026/EAQ_026_ANSWER_PACKET_latest.md; logion/k7/reports/ea_questions/EAQ_026/EAQ_026_PYTHON_SIMULATION_RESULT_latest.json; logion/k7/reports/ea_questions/EAQ_026/<PUBLIC_BOUNDARY_REDACTED_FILENAME>; logion/k7/reports/ea_questions/EAQ_026/EAQ_026_PUBLICATION_PACKET_latest.md; logion/k7/reports/ea_questions/EAQ_026/<PUBLIC_BOUNDARY_REDACTED_FILENAME>,No question-local gap for bounded EA-domain answer.
EAQ_027,Which interface contracts are brittle enough to break operability during normal change?,T2_OPERABILITY_CONTINUITY,OPERABILITY_CONTINUITY,CONTRACT_BRITTLENESS,make change and migration risk visible,"THR::DISCOVERY_DESTRUCTION_DYNAMICS, THR::DISCOVERY_LIFECYCLE_INTEGRITY_FEEDBACK","logion/k7/spe/state/toolkit/EA_CASE_CORPUS_MANIFEST_latest.json, logion/k7/spe/state/toolkit/EA_REQUIRED_DATA_PACKAGE_latest.json",ANSWERED,0,0,0,0,SCIENTIFICALLY_SUPPORTED,QUESTION_LOCAL_SUPPORT_CHAIN_COMPLETE,QUESTION_CHAIN_COMPLETE,logion/k7/spe/state/strategy/EA_QUESTION_LADDER_latest.json; logion/k7/spe/state/strategy/QUESTION_CHAIN_PORTFOLIO_REGISTRY_latest.json; logion/k7/spe/state/toolkit/<PUBLIC_BOUNDARY_REDACTED_FILENAME>; logion/k7/reports/ea_questions/EAQ_027/EAQ_027_ANSWER_PACKET_latest.md,logion/k7/reports/ea_questions/EAQ_027/EAQ_027_ANSWER_PACKET_latest.md; logion/k7/reports/ea_questions/EAQ_027/EAQ_027_PYTHON_SIMULATION_RESULT_latest.json; logion/k7/reports/ea_questions/EAQ_027/<PUBLIC_BOUNDARY_REDACTED_FILENAME>; logion/k7/reports/ea_questions/EAQ_027/EAQ_027_PUBLICATION_PACKET_latest.md; logion/k7/reports/ea_questions/EAQ_027/<PUBLIC_BOUNDARY_REDACTED_FILENAME>,No question-local gap for bounded EA-domain answer.
EAQ_028,When does the release train become so entangled that no safe change window exists?,T2_OPERABILITY_CONTINUITY,CHANGE_SAFETY,RELEASE_TRAIN_ENTANGLEMENT,make change and migration risk visible,"THR::DISCOVERY_LIFECYCLE_INTEGRITY_FEEDBACK, THR::DISCOVERY_PHASE_TRANSITION_HYSTERESIS","logion/k7/spe/state/toolkit/EA_CASE_CORPUS_MANIFEST_latest.json, logion/k7/spe/state/toolkit/EA_REQUIRED_DATA_PACKAGE_latest.json",ANSWERED,0,0,0,0,SCIENTIFICALLY_SUPPORTED,QUESTION_LOCAL_SUPPORT_CHAIN_COMPLETE,QUESTION_CHAIN_COMPLETE,logion/k7/spe/state/strategy/EA_QUESTION_LADDER_latest.json; logion/k7/spe/state/strategy/QUESTION_CHAIN_PORTFOLIO_REGISTRY_latest.json; logion/k7/spe/state/toolkit/<PUBLIC_BOUNDARY_REDACTED_FILENAME>; logion/k7/reports/ea_questions/EAQ_028/EAQ_028_ANSWER_PACKET_latest.md,logion/k7/reports/ea_questions/EAQ_028/EAQ_028_ANSWER_PACKET_latest.md; logion/k7/reports/ea_questions/EAQ_028/EAQ_028_PYTHON_SIMULATION_RESULT_latest.json; logion/k7/reports/ea_questions/EAQ_028/<PUBLIC_BOUNDARY_REDACTED_FILENAME>; logion/k7/reports/ea_questions/EAQ_028/EAQ_028_PUBLICATION_PACKET_latest.md; logion/k7/reports/ea_questions/EAQ_028/<PUBLIC_BOUNDARY_REDACTED_FILENAME>,No question-local gap for bounded EA-domain answer.
EAQ_029,Can the control plane report healthy while the data plane is already degraded?,T2_OPERABILITY_CONTINUITY,OBSERVABILITY_TELEMETRY,CONTROL_DATA_PLANE_DIVERGENCE,turn telemetry into decision-grade evidence,"THR::DISCOVERY_COMPENSATORY_ADAPTIVE_RESPONSE, THR::DISCOVERY_LIFECYCLE_INTEGRITY_FEEDBACK","logion/k4/observability/state/NIGHTLY_OUTCOME_YIELD_latest.json, logion/k7/spe/state/toolkit/EA_CASE_CORPUS_MANIFEST_latest.json, logion/k7/spe/state/toolkit/EA_REQUIRED_DATA_PACKAGE_latest.json, runtime/monitoring/live/ENGINEERING_TELEMETRY_latest.json",ANSWERED,0,0,0,0,SCIENTIFICALLY_SUPPORTED,QUESTION_LOCAL_SUPPORT_CHAIN_COMPLETE,QUESTION_CHAIN_COMPLETE,logion/k7/spe/state/strategy/EA_QUESTION_LADDER_latest.json; logion/k7/spe/state/strategy/QUESTION_CHAIN_PORTFOLIO_REGISTRY_latest.json; logion/k7/spe/state/toolkit/<PUBLIC_BOUNDARY_REDACTED_FILENAME>; logion/k7/reports/ea_questions/EAQ_029/EAQ_029_ANSWER_PACKET_latest.md,logion/k7/reports/ea_questions/EAQ_029/EAQ_029_ANSWER_PACKET_latest.md; logion/k7/reports/ea_questions/EAQ_029/EAQ_029_PYTHON_SIMULATION_RESULT_latest.json; logion/k7/reports/ea_questions/EAQ_029/<PUBLIC_BOUNDARY_REDACTED_FILENAME>; logion/k7/reports/ea_questions/EAQ_029/EAQ_029_PUBLICATION_PACKET_latest.md; logion/k7/reports/ea_questions/EAQ_029/<PUBLIC_BOUNDARY_REDACTED_FILENAME>,No question-local gap for bounded EA-domain answer.
EAQ_030,Where does configuration sprawl create inconsistent runtime behavior across environments?,T2_OPERABILITY_CONTINUITY,OPERABILITY_CONTINUITY,CONFIGURATION_SPRAWL,diagnose architecture behavior under constraints,"THR::DISCOVERY_DESTRUCTION_DYNAMICS, THR::DISCOVERY_LIFECYCLE_INTEGRITY_FEEDBACK","logion/k7/spe/state/toolkit/EA_CASE_CORPUS_MANIFEST_latest.json, logion/k7/spe/state/toolkit/EA_REQUIRED_DATA_PACKAGE_latest.json",ANSWERED,0,0,0,0,SCIENTIFICALLY_SUPPORTED,QUESTION_LOCAL_SUPPORT_CHAIN_COMPLETE,QUESTION_CHAIN_COMPLETE,logion/k7/spe/state/strategy/EA_QUESTION_LADDER_latest.json; logion/k7/spe/state/strategy/QUESTION_CHAIN_PORTFOLIO_REGISTRY_latest.json; logion/k7/spe/state/toolkit/<PUBLIC_BOUNDARY_REDACTED_FILENAME>; logion/k7/reports/ea_questions/EAQ_030/EAQ_030_ANSWER_PACKET_latest.md,logion/k7/reports/ea_questions/EAQ_030/EAQ_030_ANSWER_PACKET_latest.md; logion/k7/reports/ea_questions/EAQ_030/EAQ_030_PYTHON_SIMULATION_RESULT_latest.json; logion/k7/reports/ea_questions/EAQ_030/<PUBLIC_BOUNDARY_REDACTED_FILENAME>; logion/k7/reports/ea_questions/EAQ_030/EAQ_030_PUBLICATION_PACKET_latest.md; logion/k7/reports/ea_questions/EAQ_030/<PUBLIC_BOUNDARY_REDACTED_FILENAME>,No question-local gap for bounded EA-domain answer.
EAQ_031,Which fail-slow components accumulate risk without tripping binary health checks?,T2_OPERABILITY_CONTINUITY,OPERABILITY_CONTINUITY,FAIL_SLOW_COMPONENTS,govern AI and automation readiness,"THR::DISCOVERY_DESTRUCTION_DYNAMICS, THR::DISCOVERY_LIFECYCLE_INTEGRITY_FEEDBACK","logion/k7/spe/state/toolkit/EA_CASE_CORPUS_MANIFEST_latest.json, logion/k7/spe/state/toolkit/EA_REQUIRED_DATA_PACKAGE_latest.json",ANSWERED,0,0,0,0,SCIENTIFICALLY_SUPPORTED,QUESTION_LOCAL_SUPPORT_CHAIN_COMPLETE,QUESTION_CHAIN_COMPLETE,logion/k7/spe/state/strategy/EA_QUESTION_LADDER_latest.json; logion/k7/spe/state/strategy/QUESTION_CHAIN_PORTFOLIO_REGISTRY_latest.json; logion/k7/spe/state/toolkit/<PUBLIC_BOUNDARY_REDACTED_FILENAME>; logion/k7/reports/ea_questions/EAQ_031/EAQ_031_ANSWER_PACKET_latest.md,logion/k7/reports/ea_questions/EAQ_031/EAQ_031_ANSWER_PACKET_latest.md; logion/k7/reports/ea_questions/EAQ_031/EAQ_031_PYTHON_SIMULATION_RESULT_latest.json; logion/k7/reports/ea_questions/EAQ_031/<PUBLIC_BOUNDARY_REDACTED_FILENAME>; logion/k7/reports/ea_questions/EAQ_031/EAQ_031_PUBLICATION_PACKET_latest.md; logion/k7/reports/ea_questions/EAQ_031/<PUBLIC_BOUNDARY_REDACTED_FILENAME>,No question-local gap for bounded EA-domain answer.
EAQ_032,"When do maintenance jobs, data repair, or housekeeping tasks undermine core service continuity?",T2_OPERABILITY_CONTINUITY,OPERABILITY_CONTINUITY,MAINTENANCE_INTERFERENCE,govern AI and automation readiness,"THR::DISCOVERY_DESTRUCTION_DYNAMICS, THR::DISCOVERY_LIFECYCLE_INTEGRITY_FEEDBACK","logion/k7/spe/state/toolkit/EA_CASE_CORPUS_MANIFEST_latest.json, logion/k7/spe/state/toolkit/EA_REQUIRED_DATA_PACKAGE_latest.json",ANSWERED,0,0,0,0,SCIENTIFICALLY_SUPPORTED,QUESTION_LOCAL_SUPPORT_CHAIN_COMPLETE,QUESTION_CHAIN_COMPLETE,logion/k7/spe/state/strategy/EA_QUESTION_LADDER_latest.json; logion/k7/spe/state/strategy/QUESTION_CHAIN_PORTFOLIO_REGISTRY_latest.json; logion/k7/spe/state/toolkit/<PUBLIC_BOUNDARY_REDACTED_FILENAME>; logion/k7/reports/ea_questions/EAQ_032/EAQ_032_ANSWER_PACKET_latest.md,logion/k7/reports/ea_questions/EAQ_032/EAQ_032_ANSWER_PACKET_latest.md; logion/k7/reports/ea_questions/EAQ_032/EAQ_032_PYTHON_SIMULATION_RESULT_latest.json; logion/k7/reports/ea_questions/EAQ_032/<PUBLIC_BOUNDARY_REDACTED_FILENAME>; logion/k7/reports/ea_questions/EAQ_032/EAQ_032_PUBLICATION_PACKET_latest.md; logion/k7/reports/ea_questions/EAQ_032/<PUBLIC_BOUNDARY_REDACTED_FILENAME>,No question-local gap for bounded EA-domain answer.
EAQ_033,How late does the system detect incidents relative to when business impact actually starts?,T2_OPERABILITY_CONTINUITY,OBSERVABILITY_TELEMETRY,LATE_INCIDENT_DETECTION,turn telemetry into decision-grade evidence,"THR::DISCOVERY_COMPENSATORY_ADAPTIVE_RESPONSE, THR::DISCOVERY_LIFECYCLE_INTEGRITY_FEEDBACK","logion/k4/observability/state/NIGHTLY_OUTCOME_YIELD_latest.json, logion/k7/spe/state/toolkit/EA_CASE_CORPUS_MANIFEST_latest.json, logion/k7/spe/state/toolkit/EA_REQUIRED_DATA_PACKAGE_latest.json, runtime/monitoring/live/ENGINEERING_TELEMETRY_latest.json",ANSWERED,0,0,0,0,SCIENTIFICALLY_SUPPORTED,QUESTION_LOCAL_SUPPORT_CHAIN_COMPLETE,QUESTION_CHAIN_COMPLETE,logion/k7/spe/state/strategy/EA_QUESTION_LADDER_latest.json; logion/k7/spe/state/strategy/QUESTION_CHAIN_PORTFOLIO_REGISTRY_latest.json; logion/k7/spe/state/toolkit/<PUBLIC_BOUNDARY_REDACTED_FILENAME>; logion/k7/reports/ea_questions/EAQ_033/EAQ_033_ANSWER_PACKET_latest.md,logion/k7/reports/ea_questions/EAQ_033/EAQ_033_ANSWER_PACKET_latest.md; logion/k7/reports/ea_questions/EAQ_033/EAQ_033_PYTHON_SIMULATION_RESULT_latest.json; logion/k7/reports/ea_questions/EAQ_033/<PUBLIC_BOUNDARY_REDACTED_FILENAME>; logion/k7/reports/ea_questions/EAQ_033/EAQ_033_PUBLICATION_PACKET_latest.md; logion/k7/reports/ea_questions/EAQ_033/<PUBLIC_BOUNDARY_REDACTED_FILENAME>,No question-local gap for bounded EA-domain answer.
EAQ_034,Which non-functional constraints exist only on paper and are not enforced in runtime behavior?,T2_OPERABILITY_CONTINUITY,OPERABILITY_CONTINUITY,NONFUNCTIONAL_CONSTRAINT_DRIFT,govern AI and automation readiness,"THR::DISCOVERY_DESTRUCTION_DYNAMICS, THR::DISCOVERY_LIFECYCLE_INTEGRITY_FEEDBACK","logion/k7/spe/state/toolkit/EA_CASE_CORPUS_MANIFEST_latest.json, logion/k7/spe/state/toolkit/EA_REQUIRED_DATA_PACKAGE_latest.json",ANSWERED,0,0,0,0,SCIENTIFICALLY_SUPPORTED,QUESTION_LOCAL_SUPPORT_CHAIN_COMPLETE,QUESTION_CHAIN_COMPLETE,logion/k7/spe/state/strategy/EA_QUESTION_LADDER_latest.json; logion/k7/spe/state/strategy/QUESTION_CHAIN_PORTFOLIO_REGISTRY_latest.json; logion/k7/spe/state/toolkit/<PUBLIC_BOUNDARY_REDACTED_FILENAME>; logion/k7/reports/ea_questions/EAQ_034/EAQ_034_ANSWER_PACKET_latest.md,logion/k7/reports/ea_questions/EAQ_034/EAQ_034_ANSWER_PACKET_latest.md; logion/k7/reports/ea_questions/EAQ_034/EAQ_034_PYTHON_SIMULATION_RESULT_latest.json; logion/k7/reports/ea_questions/EAQ_034/<PUBLIC_BOUNDARY_REDACTED_FILENAME>; logion/k7/reports/ea_questions/EAQ_034/EAQ_034_PUBLICATION_PACKET_latest.md; logion/k7/reports/ea_questions/EAQ_034/<PUBLIC_BOUNDARY_REDACTED_FILENAME>,No question-local gap for bounded EA-domain answer.
EAQ_035,How much real capacity headroom exists before service continuity becomes guesswork?,T2_OPERABILITY_CONTINUITY,OPERABILITY_CONTINUITY,CAPACITY_HEADROOM_UNCERTAINTY,govern AI and automation readiness,"THR::DISCOVERY_DESTRUCTION_DYNAMICS, THR::DISCOVERY_LIFECYCLE_INTEGRITY_FEEDBACK","logion/k7/spe/state/toolkit/EA_CASE_CORPUS_MANIFEST_latest.json, logion/k7/spe/state/toolkit/EA_REQUIRED_DATA_PACKAGE_latest.json",ANSWERED,0,0,0,0,SCIENTIFICALLY_SUPPORTED,QUESTION_LOCAL_SUPPORT_CHAIN_COMPLETE,QUESTION_CHAIN_COMPLETE,logion/k7/spe/state/strategy/EA_QUESTION_LADDER_latest.json; logion/k7/spe/state/strategy/QUESTION_CHAIN_PORTFOLIO_REGISTRY_latest.json; logion/k7/spe/state/toolkit/<PUBLIC_BOUNDARY_REDACTED_FILENAME>; logion/k7/reports/ea_questions/EAQ_035/EAQ_035_ANSWER_PACKET_latest.md,logion/k7/reports/ea_questions/EAQ_035/EAQ_035_ANSWER_PACKET_latest.md; logion/k7/reports/ea_questions/EAQ_035/EAQ_035_PYTHON_SIMULATION_RESULT_latest.json; logion/k7/reports/ea_questions/EAQ_035/<PUBLIC_BOUNDARY_REDACTED_FILENAME>; logion/k7/reports/ea_questions/EAQ_035/EAQ_035_PUBLICATION_PACKET_latest.md; logion/k7/reports/ea_questions/EAQ_035/<PUBLIC_BOUNDARY_REDACTED_FILENAME>,No question-local gap for bounded EA-domain answer.
EAQ_036,Which timeout and backpressure patterns amplify partial dependency failures into outages?,T2_OPERABILITY_CONTINUITY,OPERABILITY_CONTINUITY,TIMEOUT_AMPLIFICATION,make change and migration risk visible,"THR::DISCOVERY_DESTRUCTION_DYNAMICS, THR::DISCOVERY_LIFECYCLE_INTEGRITY_FEEDBACK","logion/k7/spe/state/toolkit/EA_CASE_CORPUS_MANIFEST_latest.json, logion/k7/spe/state/toolkit/EA_REQUIRED_DATA_PACKAGE_latest.json",ANSWERED,0,0,0,0,SCIENTIFICALLY_SUPPORTED,QUESTION_LOCAL_SUPPORT_CHAIN_COMPLETE,QUESTION_CHAIN_COMPLETE,logion/k7/spe/state/strategy/EA_QUESTION_LADDER_latest.json; logion/k7/spe/state/strategy/QUESTION_CHAIN_PORTFOLIO_REGISTRY_latest.json; logion/k7/spe/state/toolkit/<PUBLIC_BOUNDARY_REDACTED_FILENAME>; logion/k7/reports/ea_questions/EAQ_036/EAQ_036_ANSWER_PACKET_latest.md,logion/k7/reports/ea_questions/EAQ_036/EAQ_036_ANSWER_PACKET_latest.md; logion/k7/reports/ea_questions/EAQ_036/EAQ_036_PYTHON_SIMULATION_RESULT_latest.json; logion/k7/reports/ea_questions/EAQ_036/<PUBLIC_BOUNDARY_REDACTED_FILENAME>; logion/k7/reports/ea_questions/EAQ_036/EAQ_036_PUBLICATION_PACKET_latest.md; logion/k7/reports/ea_questions/EAQ_036/<PUBLIC_BOUNDARY_REDACTED_FILENAME>,No question-local gap for bounded EA-domain answer.
EAQ_037,Where is manual workaround burden so high that continuity depends on heroic effort?,T2_OPERABILITY_CONTINUITY,OPERABILITY_CONTINUITY,MANUAL_WORKAROUND_BURDEN,diagnose architecture behavior under constraints,"THR::DISCOVERY_DESTRUCTION_DYNAMICS, THR::DISCOVERY_LIFECYCLE_INTEGRITY_FEEDBACK","logion/k7/spe/state/toolkit/EA_CASE_CORPUS_MANIFEST_latest.json, logion/k7/spe/state/toolkit/EA_REQUIRED_DATA_PACKAGE_latest.json",ANSWERED,0,0,0,0,SCIENTIFICALLY_SUPPORTED,QUESTION_LOCAL_SUPPORT_CHAIN_COMPLETE,QUESTION_CHAIN_COMPLETE,logion/k7/spe/state/strategy/EA_QUESTION_LADDER_latest.json; logion/k7/spe/state/strategy/QUESTION_CHAIN_PORTFOLIO_REGISTRY_latest.json; logion/k7/spe/state/toolkit/<PUBLIC_BOUNDARY_REDACTED_FILENAME>; logion/k7/reports/ea_questions/EAQ_037/EAQ_037_ANSWER_PACKET_latest.md,logion/k7/reports/ea_questions/EAQ_037/EAQ_037_ANSWER_PACKET_latest.md; logion/k7/reports/ea_questions/EAQ_037/EAQ_037_PYTHON_SIMULATION_RESULT_latest.json; logion/k7/reports/ea_questions/EAQ_037/<PUBLIC_BOUNDARY_REDACTED_FILENAME>; logion/k7/reports/ea_questions/EAQ_037/EAQ_037_PUBLICATION_PACKET_latest.md; logion/k7/reports/ea_questions/EAQ_037/<PUBLIC_BOUNDARY_REDACTED_FILENAME>,No question-local gap for bounded EA-domain answer.
EAQ_038,Which critical operating paths have no valid degraded-mode fallback at all?,T2_OPERABILITY_CONTINUITY,OPERABILITY_CONTINUITY,NO_VALID_DEGRADED_PATH,diagnose architecture behavior under constraints,"THR::DISCOVERY_DESTRUCTION_DYNAMICS, THR::DISCOVERY_LIFECYCLE_INTEGRITY_FEEDBACK","logion/k7/spe/state/toolkit/EA_CASE_CORPUS_MANIFEST_latest.json, logion/k7/spe/state/toolkit/EA_REQUIRED_DATA_PACKAGE_latest.json",ANSWERED,0,0,0,0,SCIENTIFICALLY_SUPPORTED,QUESTION_LOCAL_SUPPORT_CHAIN_COMPLETE,QUESTION_CHAIN_COMPLETE,logion/k7/spe/state/strategy/EA_QUESTION_LADDER_latest.json; logion/k7/spe/state/strategy/QUESTION_CHAIN_PORTFOLIO_REGISTRY_latest.json; logion/k7/spe/state/toolkit/<PUBLIC_BOUNDARY_REDACTED_FILENAME>; logion/k7/reports/ea_questions/EAQ_038/EAQ_038_ANSWER_PACKET_latest.md,logion/k7/reports/ea_questions/EAQ_038/EAQ_038_ANSWER_PACKET_latest.md; logion/k7/reports/ea_questions/EAQ_038/EAQ_038_PYTHON_SIMULATION_RESULT_latest.json; logion/k7/reports/ea_questions/EAQ_038/<PUBLIC_BOUNDARY_REDACTED_FILENAME>; logion/k7/reports/ea_questions/EAQ_038/EAQ_038_PUBLICATION_PACKET_latest.md; logion/k7/reports/ea_questions/EAQ_038/<PUBLIC_BOUNDARY_REDACTED_FILENAME>,No question-local gap for bounded EA-domain answer.
EAQ_039,Is there a rollback-safe migration path that preserves both service continuity and data integrity?,T3_RECOVERABILITY_CHANGE_SAFETY,ROLLBACK_REBUILD,ROLLBACK_SAFE_MIGRATION,make change and migration risk visible,"THR::DISCOVERY_LIFECYCLE_INTEGRITY_FEEDBACK, THR::DISCOVERY_PHASE_TRANSITION_HYSTERESIS","logion/k7/spe/state/toolkit/EA_CASE_CORPUS_MANIFEST_latest.json, logion/k7/spe/state/toolkit/EA_REQUIRED_DATA_PACKAGE_latest.json",ANSWERED,0,0,0,0,SCIENTIFICALLY_SUPPORTED,QUESTION_LOCAL_SUPPORT_CHAIN_COMPLETE,QUESTION_CHAIN_COMPLETE,logion/k7/spe/state/strategy/EA_QUESTION_LADDER_latest.json; logion/k7/spe/state/strategy/QUESTION_CHAIN_PORTFOLIO_REGISTRY_latest.json; logion/k7/spe/state/toolkit/<PUBLIC_BOUNDARY_REDACTED_FILENAME>; logion/k7/reports/ea_questions/EAQ_039/EAQ_039_ANSWER_PACKET_latest.md,logion/k7/reports/ea_questions/EAQ_039/EAQ_039_ANSWER_PACKET_latest.md; logion/k7/reports/ea_questions/EAQ_039/EAQ_039_PYTHON_SIMULATION_RESULT_latest.json; logion/k7/reports/ea_questions/EAQ_039/<PUBLIC_BOUNDARY_REDACTED_FILENAME>; logion/k7/reports/ea_questions/EAQ_039/EAQ_039_PUBLICATION_PACKET_latest.md; logion/k7/reports/ea_questions/EAQ_039/<PUBLIC_BOUNDARY_REDACTED_FILENAME>,No question-local gap for bounded EA-domain answer.
EAQ_040,Can schema evolution occur without creating hidden compatibility traps across services and data stores?,T3_RECOVERABILITY_CHANGE_SAFETY,CHANGE_SAFETY,SCHEMA_EVOLUTION_SAFETY,make change and migration risk visible,"THR::DISCOVERY_LIFECYCLE_INTEGRITY_FEEDBACK, THR::DISCOVERY_PHASE_TRANSITION_HYSTERESIS","logion/k7/spe/state/toolkit/EA_CASE_CORPUS_MANIFEST_latest.json, logion/k7/spe/state/toolkit/EA_REQUIRED_DATA_PACKAGE_latest.json",ANSWERED,0,0,0,0,SCIENTIFICALLY_SUPPORTED,QUESTION_LOCAL_SUPPORT_CHAIN_COMPLETE,QUESTION_CHAIN_COMPLETE,logion/k7/spe/state/strategy/EA_QUESTION_LADDER_latest.json; logion/k7/spe/state/strategy/QUESTION_CHAIN_PORTFOLIO_REGISTRY_latest.json; logion/k7/spe/state/toolkit/<PUBLIC_BOUNDARY_REDACTED_FILENAME>; logion/k7/reports/ea_questions/EAQ_040/EAQ_040_ANSWER_PACKET_latest.md,logion/k7/reports/ea_questions/EAQ_040/EAQ_040_ANSWER_PACKET_latest.md; logion/k7/reports/ea_questions/EAQ_040/EAQ_040_PYTHON_SIMULATION_RESULT_latest.json; logion/k7/reports/ea_questions/EAQ_040/<PUBLIC_BOUNDARY_REDACTED_FILENAME>; logion/k7/reports/ea_questions/EAQ_040/EAQ_040_PUBLICATION_PACKET_latest.md; logion/k7/reports/ea_questions/EAQ_040/<PUBLIC_BOUNDARY_REDACTED_FILENAME>,No question-local gap for bounded EA-domain answer.
EAQ_041,What rebuild sequence minimizes risk instead of simply rearranging dependencies?,T3_RECOVERABILITY_CHANGE_SAFETY,ROLLBACK_REBUILD,REBUILD_SEQUENCE_RISK,diagnose architecture behavior under constraints,"THR::DISCOVERY_LIFECYCLE_INTEGRITY_FEEDBACK, THR::DISCOVERY_PHASE_TRANSITION_HYSTERESIS","logion/k7/spe/state/toolkit/EA_CASE_CORPUS_MANIFEST_latest.json, logion/k7/spe/state/toolkit/EA_REQUIRED_DATA_PACKAGE_latest.json",ANSWERED,0,0,0,0,SCIENTIFICALLY_SUPPORTED,QUESTION_LOCAL_SUPPORT_CHAIN_COMPLETE,QUESTION_CHAIN_COMPLETE,logion/k7/spe/state/strategy/EA_QUESTION_LADDER_latest.json; logion/k7/spe/state/strategy/QUESTION_CHAIN_PORTFOLIO_REGISTRY_latest.json; logion/k7/spe/state/toolkit/<PUBLIC_BOUNDARY_REDACTED_FILENAME>; logion/k7/reports/ea_questions/EAQ_041/EAQ_041_ANSWER_PACKET_latest.md,logion/k7/reports/ea_questions/EAQ_041/EAQ_041_ANSWER_PACKET_latest.md; logion/k7/reports/ea_questions/EAQ_041/EAQ_041_PYTHON_SIMULATION_RESULT_latest.json; logion/k7/reports/ea_questions/EAQ_041/<PUBLIC_BOUNDARY_REDACTED_FILENAME>; logion/k7/reports/ea_questions/EAQ_041/EAQ_041_PUBLICATION_PACKET_latest.md; logion/k7/reports/ea_questions/EAQ_041/<PUBLIC_BOUNDARY_REDACTED_FILENAME>,No question-local gap for bounded EA-domain answer.
EAQ_042,What is the real failure probability of the planned change window under current operating conditions?,T3_RECOVERABILITY_CHANGE_SAFETY,CHANGE_SAFETY,CHANGE_WINDOW_FAILURE_PROBABILITY,make change and migration risk visible,"THR::DISCOVERY_LIFECYCLE_INTEGRITY_FEEDBACK, THR::DISCOVERY_PHASE_TRANSITION_HYSTERESIS","logion/k7/spe/state/toolkit/EA_CASE_CORPUS_MANIFEST_latest.json, logion/k7/spe/state/toolkit/EA_REQUIRED_DATA_PACKAGE_latest.json",ANSWERED,0,0,0,0,SCIENTIFICALLY_SUPPORTED,QUESTION_LOCAL_SUPPORT_CHAIN_COMPLETE,QUESTION_CHAIN_COMPLETE,logion/k7/spe/state/strategy/EA_QUESTION_LADDER_latest.json; logion/k7/spe/state/strategy/QUESTION_CHAIN_PORTFOLIO_REGISTRY_latest.json; logion/k7/spe/state/toolkit/<PUBLIC_BOUNDARY_REDACTED_FILENAME>; logion/k7/reports/ea_questions/EAQ_042/EAQ_042_ANSWER_PACKET_latest.md,logion/k7/reports/ea_questions/EAQ_042/EAQ_042_ANSWER_PACKET_latest.md; logion/k7/reports/ea_questions/EAQ_042/EAQ_042_PYTHON_SIMULATION_RESULT_latest.json; logion/k7/reports/ea_questions/EAQ_042/<PUBLIC_BOUNDARY_REDACTED_FILENAME>; logion/k7/reports/ea_questions/EAQ_042/EAQ_042_PUBLICATION_PACKET_latest.md; logion/k7/reports/ea_questions/EAQ_042/<PUBLIC_BOUNDARY_REDACTED_FILENAME>,No question-local gap for bounded EA-domain answer.
EAQ_043,Where does environment drift invalidate the relevance of test and rehearsal evidence?,T3_RECOVERABILITY_CHANGE_SAFETY,CHANGE_SAFETY,ENVIRONMENT_DRIFT,make change and migration risk visible,"THR::DISCOVERY_LIFECYCLE_INTEGRITY_FEEDBACK, THR::DISCOVERY_PHASE_TRANSITION_HYSTERESIS","logion/k7/spe/state/toolkit/EA_CASE_CORPUS_MANIFEST_latest.json, logion/k7/spe/state/toolkit/EA_REQUIRED_DATA_PACKAGE_latest.json",ANSWERED,0,0,0,0,SCIENTIFICALLY_SUPPORTED,QUESTION_LOCAL_SUPPORT_CHAIN_COMPLETE,QUESTION_CHAIN_COMPLETE,logion/k7/spe/state/strategy/EA_QUESTION_LADDER_latest.json; logion/k7/spe/state/strategy/QUESTION_CHAIN_PORTFOLIO_REGISTRY_latest.json; logion/k7/spe/state/toolkit/<PUBLIC_BOUNDARY_REDACTED_FILENAME>; logion/k7/reports/ea_questions/EAQ_043/EAQ_043_ANSWER_PACKET_latest.md,logion/k7/reports/ea_questions/EAQ_043/EAQ_043_ANSWER_PACKET_latest.md; logion/k7/reports/ea_questions/EAQ_043/EAQ_043_PYTHON_SIMULATION_RESULT_latest.json; logion/k7/reports/ea_questions/EAQ_043/<PUBLIC_BOUNDARY_REDACTED_FILENAME>; logion/k7/reports/ea_questions/EAQ_043/EAQ_043_PUBLICATION_PACKET_latest.md; logion/k7/reports/ea_questions/EAQ_043/<PUBLIC_BOUNDARY_REDACTED_FILENAME>,No question-local gap for bounded EA-domain answer.
EAQ_044,"How faithful is backup and restore behavior under stress, partial failure, and time pressure?",T3_RECOVERABILITY_CHANGE_SAFETY,CHANGE_SAFETY,BACKUP_RESTORE_FIDELITY,make change and migration risk visible,"THR::DISCOVERY_LIFECYCLE_INTEGRITY_FEEDBACK, THR::DISCOVERY_PHASE_TRANSITION_HYSTERESIS","logion/k7/spe/state/toolkit/EA_CASE_CORPUS_MANIFEST_latest.json, logion/k7/spe/state/toolkit/EA_REQUIRED_DATA_PACKAGE_latest.json",ANSWERED,0,0,0,0,SCIENTIFICALLY_SUPPORTED,QUESTION_LOCAL_SUPPORT_CHAIN_COMPLETE,QUESTION_CHAIN_COMPLETE,logion/k7/spe/state/strategy/EA_QUESTION_LADDER_latest.json; logion/k7/spe/state/strategy/QUESTION_CHAIN_PORTFOLIO_REGISTRY_latest.json; logion/k7/spe/state/toolkit/<PUBLIC_BOUNDARY_REDACTED_FILENAME>; logion/k7/reports/ea_questions/EAQ_044/EAQ_044_ANSWER_PACKET_latest.md,logion/k7/reports/ea_questions/EAQ_044/EAQ_044_ANSWER_PACKET_latest.md; logion/k7/reports/ea_questions/EAQ_044/EAQ_044_PYTHON_SIMULATION_RESULT_latest.json; logion/k7/reports/ea_questions/EAQ_044/<PUBLIC_BOUNDARY_REDACTED_FILENAME>; logion/k7/reports/ea_questions/EAQ_044/EAQ_044_PUBLICATION_PACKET_latest.md; logion/k7/reports/ea_questions/EAQ_044/<PUBLIC_BOUNDARY_REDACTED_FILENAME>,No question-local gap for bounded EA-domain answer.
EAQ_045,What upgrade paths create hidden blast radius through dependency version mismatch?,T3_RECOVERABILITY_CHANGE_SAFETY,CHANGE_SAFETY,DEPENDENCY_UPGRADE_BLAST_RADIUS,make change and migration risk visible,"THR::DISCOVERY_LIFECYCLE_INTEGRITY_FEEDBACK, THR::DISCOVERY_PHASE_TRANSITION_HYSTERESIS","logion/k7/spe/state/toolkit/EA_CASE_CORPUS_MANIFEST_latest.json, logion/k7/spe/state/toolkit/EA_REQUIRED_DATA_PACKAGE_latest.json",ANSWERED,0,0,0,0,SCIENTIFICALLY_SUPPORTED,QUESTION_LOCAL_SUPPORT_CHAIN_COMPLETE,QUESTION_CHAIN_COMPLETE,logion/k7/spe/state/strategy/EA_QUESTION_LADDER_latest.json; logion/k7/spe/state/strategy/QUESTION_CHAIN_PORTFOLIO_REGISTRY_latest.json; logion/k7/spe/state/toolkit/<PUBLIC_BOUNDARY_REDACTED_FILENAME>; logion/k7/reports/ea_questions/EAQ_045/EAQ_045_ANSWER_PACKET_latest.md,logion/k7/reports/ea_questions/EAQ_045/EAQ_045_ANSWER_PACKET_latest.md; logion/k7/reports/ea_questions/EAQ_045/EAQ_045_PYTHON_SIMULATION_RESULT_latest.json; logion/k7/reports/ea_questions/EAQ_045/<PUBLIC_BOUNDARY_REDACTED_FILENAME>; logion/k7/reports/ea_questions/EAQ_045/EAQ_045_PUBLICATION_PACKET_latest.md; logion/k7/reports/ea_questions/EAQ_045/<PUBLIC_BOUNDARY_REDACTED_FILENAME>,No question-local gap for bounded EA-domain answer.
EAQ_046,Do canary or blue-green signals actually predict full-rollout behavior?,T3_RECOVERABILITY_CHANGE_SAFETY,CHANGE_SAFETY,DEPLOYMENT_SIGNAL_FALSE_POSITIVE,make change and migration risk visible,"THR::DISCOVERY_LIFECYCLE_INTEGRITY_FEEDBACK, THR::DISCOVERY_PHASE_TRANSITION_HYSTERESIS","logion/k7/spe/state/toolkit/EA_CASE_CORPUS_MANIFEST_latest.json, logion/k7/spe/state/toolkit/EA_REQUIRED_DATA_PACKAGE_latest.json",ANSWERED,0,0,0,0,SCIENTIFICALLY_SUPPORTED,QUESTION_LOCAL_SUPPORT_CHAIN_COMPLETE,QUESTION_CHAIN_COMPLETE,logion/k7/spe/state/strategy/EA_QUESTION_LADDER_latest.json; logion/k7/spe/state/strategy/QUESTION_CHAIN_PORTFOLIO_REGISTRY_latest.json; logion/k7/spe/state/toolkit/<PUBLIC_BOUNDARY_REDACTED_FILENAME>; logion/k7/reports/ea_questions/EAQ_046/EAQ_046_ANSWER_PACKET_latest.md,logion/k7/reports/ea_questions/EAQ_046/EAQ_046_ANSWER_PACKET_latest.md; logion/k7/reports/ea_questions/EAQ_046/EAQ_046_PYTHON_SIMULATION_RESULT_latest.json; logion/k7/reports/ea_questions/EAQ_046/<PUBLIC_BOUNDARY_REDACTED_FILENAME>; logion/k7/reports/ea_questions/EAQ_046/EAQ_046_PUBLICATION_PACKET_latest.md; logion/k7/reports/ea_questions/EAQ_046/<PUBLIC_BOUNDARY_REDACTED_FILENAME>,No question-local gap for bounded EA-domain answer.
EAQ_047,Which approval gates are decoupled from the real technical risk of the change?,T3_RECOVERABILITY_CHANGE_SAFETY,CHANGE_SAFETY,APPROVAL_GATE_RISK_DRIFT,make change and migration risk visible,"THR::DISCOVERY_LIFECYCLE_INTEGRITY_FEEDBACK, THR::DISCOVERY_PHASE_TRANSITION_HYSTERESIS","logion/k7/spe/state/toolkit/EA_CASE_CORPUS_MANIFEST_latest.json, logion/k7/spe/state/toolkit/EA_REQUIRED_DATA_PACKAGE_latest.json",ANSWERED,0,0,0,0,SCIENTIFICALLY_SUPPORTED,QUESTION_LOCAL_SUPPORT_CHAIN_COMPLETE,QUESTION_CHAIN_COMPLETE,logion/k7/spe/state/strategy/EA_QUESTION_LADDER_latest.json; logion/k7/spe/state/strategy/QUESTION_CHAIN_PORTFOLIO_REGISTRY_latest.json; logion/k7/spe/state/toolkit/<PUBLIC_BOUNDARY_REDACTED_FILENAME>; logion/k7/reports/ea_questions/EAQ_047/EAQ_047_ANSWER_PACKET_latest.md,logion/k7/reports/ea_questions/EAQ_047/EAQ_047_ANSWER_PACKET_latest.md; logion/k7/reports/ea_questions/EAQ_047/EAQ_047_PYTHON_SIMULATION_RESULT_latest.json; logion/k7/reports/ea_questions/EAQ_047/<PUBLIC_BOUNDARY_REDACTED_FILENAME>; logion/k7/reports/ea_questions/EAQ_047/EAQ_047_PUBLICATION_PACKET_latest.md; logion/k7/reports/ea_questions/EAQ_047/<PUBLIC_BOUNDARY_REDACTED_FILENAME>,No question-local gap for bounded EA-domain answer.
EAQ_048,Where do manual undocumented steps dominate change success probability?,T3_RECOVERABILITY_CHANGE_SAFETY,CHANGE_SAFETY,UNDOCUMENTED_MANUAL_STEP_RISK,make change and migration risk visible,"THR::DISCOVERY_LIFECYCLE_INTEGRITY_FEEDBACK, THR::DISCOVERY_PHASE_TRANSITION_HYSTERESIS","logion/k7/spe/state/toolkit/EA_CASE_CORPUS_MANIFEST_latest.json, logion/k7/spe/state/toolkit/EA_REQUIRED_DATA_PACKAGE_latest.json",ANSWERED,0,0,0,0,SCIENTIFICALLY_SUPPORTED,QUESTION_LOCAL_SUPPORT_CHAIN_COMPLETE,QUESTION_CHAIN_COMPLETE,logion/k7/spe/state/strategy/EA_QUESTION_LADDER_latest.json; logion/k7/spe/state/strategy/QUESTION_CHAIN_PORTFOLIO_REGISTRY_latest.json; logion/k7/spe/state/toolkit/<PUBLIC_BOUNDARY_REDACTED_FILENAME>; logion/k7/reports/ea_questions/EAQ_048/EAQ_048_ANSWER_PACKET_latest.md,logion/k7/reports/ea_questions/EAQ_048/EAQ_048_ANSWER_PACKET_latest.md; logion/k7/reports/ea_questions/EAQ_048/EAQ_048_PYTHON_SIMULATION_RESULT_latest.json; logion/k7/reports/ea_questions/EAQ_048/<PUBLIC_BOUNDARY_REDACTED_FILENAME>; logion/k7/reports/ea_questions/EAQ_048/EAQ_048_PUBLICATION_PACKET_latest.md; logion/k7/reports/ea_questions/EAQ_048/<PUBLIC_BOUNDARY_REDACTED_FILENAME>,No question-local gap for bounded EA-domain answer.
EAQ_049,Can the organization reconstruct a failure chain from telemetry quickly enough to learn from it?,T3_RECOVERABILITY_CHANGE_SAFETY,OBSERVABILITY_TELEMETRY,FAILURE_RECONSTRUCTION_GAP,turn telemetry into decision-grade evidence,"THR::DISCOVERY_COMPENSATORY_ADAPTIVE_RESPONSE, THR::DISCOVERY_LIFECYCLE_INTEGRITY_FEEDBACK","logion/k4/observability/state/NIGHTLY_OUTCOME_YIELD_latest.json, logion/k7/spe/state/toolkit/EA_CASE_CORPUS_MANIFEST_latest.json, logion/k7/spe/state/toolkit/EA_REQUIRED_DATA_PACKAGE_latest.json, runtime/monitoring/live/ENGINEERING_TELEMETRY_latest.json",ANSWERED,0,0,0,0,SCIENTIFICALLY_SUPPORTED,QUESTION_LOCAL_SUPPORT_CHAIN_COMPLETE,QUESTION_CHAIN_COMPLETE,logion/k7/spe/state/strategy/EA_QUESTION_LADDER_latest.json; logion/k7/spe/state/strategy/QUESTION_CHAIN_PORTFOLIO_REGISTRY_latest.json; logion/k7/spe/state/toolkit/<PUBLIC_BOUNDARY_REDACTED_FILENAME>; logion/k7/reports/ea_questions/EAQ_049/EAQ_049_ANSWER_PACKET_latest.md,logion/k7/reports/ea_questions/EAQ_049/EAQ_049_ANSWER_PACKET_latest.md; logion/k7/reports/ea_questions/EAQ_049/EAQ_049_PYTHON_SIMULATION_RESULT_latest.json; logion/k7/reports/ea_questions/EAQ_049/<PUBLIC_BOUNDARY_REDACTED_FILENAME>; logion/k7/reports/ea_questions/EAQ_049/EAQ_049_PUBLICATION_PACKET_latest.md; logion/k7/reports/ea_questions/EAQ_049/<PUBLIC_BOUNDARY_REDACTED_FILENAME>,No question-local gap for bounded EA-domain answer.
EAQ_050,Where does partial rollback leave the estate in an internally inconsistent state?,T3_RECOVERABILITY_CHANGE_SAFETY,ROLLBACK_REBUILD,PARTIAL_ROLLBACK_INCONSISTENCY,diagnose architecture behavior under constraints,"THR::DISCOVERY_LIFECYCLE_INTEGRITY_FEEDBACK, THR::DISCOVERY_PHASE_TRANSITION_HYSTERESIS","logion/k7/spe/state/toolkit/EA_CASE_CORPUS_MANIFEST_latest.json, logion/k7/spe/state/toolkit/EA_REQUIRED_DATA_PACKAGE_latest.json",ANSWERED,0,0,0,0,SCIENTIFICALLY_SUPPORTED,QUESTION_LOCAL_SUPPORT_CHAIN_COMPLETE,QUESTION_CHAIN_COMPLETE,logion/k7/spe/state/strategy/EA_QUESTION_LADDER_latest.json; logion/k7/spe/state/strategy/QUESTION_CHAIN_PORTFOLIO_REGISTRY_latest.json; logion/k7/spe/state/toolkit/<PUBLIC_BOUNDARY_REDACTED_FILENAME>; logion/k7/reports/ea_questions/EAQ_050/EAQ_050_ANSWER_PACKET_latest.md,logion/k7/reports/ea_questions/EAQ_050/EAQ_050_ANSWER_PACKET_latest.md; logion/k7/reports/ea_questions/EAQ_050/EAQ_050_PYTHON_SIMULATION_RESULT_latest.json; logion/k7/reports/ea_questions/EAQ_050/<PUBLIC_BOUNDARY_REDACTED_FILENAME>; logion/k7/reports/ea_questions/EAQ_050/EAQ_050_PUBLICATION_PACKET_latest.md; logion/k7/reports/ea_questions/EAQ_050/<PUBLIC_BOUNDARY_REDACTED_FILENAME>,No question-local gap for bounded EA-domain answer.
EAQ_051,At what point is repair more dangerous or expensive than structured replacement?,T3_RECOVERABILITY_CHANGE_SAFETY,ROLLBACK_REBUILD,REPAIR_VS_REPLACE_THRESHOLD,govern AI and automation readiness,"THR::DISCOVERY_LIFECYCLE_INTEGRITY_FEEDBACK, THR::DISCOVERY_PHASE_TRANSITION_HYSTERESIS","logion/k7/spe/state/toolkit/EA_CASE_CORPUS_MANIFEST_latest.json, logion/k7/spe/state/toolkit/EA_REQUIRED_DATA_PACKAGE_latest.json",ANSWERED,0,0,0,0,SCIENTIFICALLY_SUPPORTED,QUESTION_LOCAL_SUPPORT_CHAIN_COMPLETE,QUESTION_CHAIN_COMPLETE,logion/k7/spe/state/strategy/EA_QUESTION_LADDER_latest.json; logion/k7/spe/state/strategy/QUESTION_CHAIN_PORTFOLIO_REGISTRY_latest.json; logion/k7/spe/state/toolkit/<PUBLIC_BOUNDARY_REDACTED_FILENAME>; logion/k7/reports/ea_questions/EAQ_051/EAQ_051_ANSWER_PACKET_latest.md,logion/k7/reports/ea_questions/EAQ_051/EAQ_051_ANSWER_PACKET_latest.md; logion/k7/reports/ea_questions/EAQ_051/EAQ_051_PYTHON_SIMULATION_RESULT_latest.json; logion/k7/reports/ea_questions/EAQ_051/<PUBLIC_BOUNDARY_REDACTED_FILENAME>; logion/k7/reports/ea_questions/EAQ_051/EAQ_051_PUBLICATION_PACKET_latest.md; logion/k7/reports/ea_questions/EAQ_051/<PUBLIC_BOUNDARY_REDACTED_FILENAME>,No question-local gap for bounded EA-domain answer.
EAQ_052,"How recoverable is the system after identity, auth, or platform-control outage?",T3_RECOVERABILITY_CHANGE_SAFETY,CHANGE_SAFETY,AUTH_PROVIDER_RECOVERABILITY,make change and migration risk visible,"THR::DISCOVERY_LIFECYCLE_INTEGRITY_FEEDBACK, THR::DISCOVERY_PHASE_TRANSITION_HYSTERESIS","logion/k7/spe/state/toolkit/EA_CASE_CORPUS_MANIFEST_latest.json, logion/k7/spe/state/toolkit/EA_REQUIRED_DATA_PACKAGE_latest.json",ANSWERED,0,0,0,0,SCIENTIFICALLY_SUPPORTED,QUESTION_LOCAL_SUPPORT_CHAIN_COMPLETE,QUESTION_CHAIN_COMPLETE,logion/k7/spe/state/strategy/EA_QUESTION_LADDER_latest.json; logion/k7/spe/state/strategy/QUESTION_CHAIN_PORTFOLIO_REGISTRY_latest.json; logion/k7/spe/state/toolkit/<PUBLIC_BOUNDARY_REDACTED_FILENAME>; logion/k7/reports/ea_questions/EAQ_052/EAQ_052_ANSWER_PACKET_latest.md,logion/k7/reports/ea_questions/EAQ_052/EAQ_052_ANSWER_PACKET_latest.md; logion/k7/reports/ea_questions/EAQ_052/EAQ_052_PYTHON_SIMULATION_RESULT_latest.json; logion/k7/reports/ea_questions/EAQ_052/<PUBLIC_BOUNDARY_REDACTED_FILENAME>; logion/k7/reports/ea_questions/EAQ_052/EAQ_052_PUBLICATION_PACKET_latest.md; logion/k7/reports/ea_questions/EAQ_052/<PUBLIC_BOUNDARY_REDACTED_FILENAME>,No question-local gap for bounded EA-domain answer.
EAQ_053,Does the current ownership model support safe change or create recovery bottlenecks?,T3_RECOVERABILITY_CHANGE_SAFETY,ROLLBACK_REBUILD,OWNERSHIP_MODEL_CHANGE_SAFETY,make change and migration risk visible,"THR::DISCOVERY_LIFECYCLE_INTEGRITY_FEEDBACK, THR::DISCOVERY_PHASE_TRANSITION_HYSTERESIS","logion/k7/spe/state/toolkit/EA_CASE_CORPUS_MANIFEST_latest.json, logion/k7/spe/state/toolkit/EA_REQUIRED_DATA_PACKAGE_latest.json",ANSWERED,0,0,0,0,SCIENTIFICALLY_SUPPORTED,QUESTION_LOCAL_SUPPORT_CHAIN_COMPLETE,QUESTION_CHAIN_COMPLETE,logion/k7/spe/state/strategy/EA_QUESTION_LADDER_latest.json; logion/k7/spe/state/strategy/QUESTION_CHAIN_PORTFOLIO_REGISTRY_latest.json; logion/k7/spe/state/toolkit/<PUBLIC_BOUNDARY_REDACTED_FILENAME>; logion/k7/reports/ea_questions/EAQ_053/EAQ_053_ANSWER_PACKET_latest.md,logion/k7/reports/ea_questions/EAQ_053/EAQ_053_ANSWER_PACKET_latest.md; logion/k7/reports/ea_questions/EAQ_053/EAQ_053_PYTHON_SIMULATION_RESULT_latest.json; logion/k7/reports/ea_questions/EAQ_053/<PUBLIC_BOUNDARY_REDACTED_FILENAME>; logion/k7/reports/ea_questions/EAQ_053/EAQ_053_PUBLICATION_PACKET_latest.md; logion/k7/reports/ea_questions/EAQ_053/<PUBLIC_BOUNDARY_REDACTED_FILENAME>,No question-local gap for bounded EA-domain answer.
EAQ_054,How faithful are cutover rehearsals to the real transformation conditions?,T3_RECOVERABILITY_CHANGE_SAFETY,CHANGE_SAFETY,CUTOVER_REHEARSAL_FIDELITY,make change and migration risk visible,"THR::DISCOVERY_LIFECYCLE_INTEGRITY_FEEDBACK, THR::DISCOVERY_PHASE_TRANSITION_HYSTERESIS","logion/k7/spe/state/toolkit/EA_CASE_CORPUS_MANIFEST_latest.json, logion/k7/spe/state/toolkit/EA_REQUIRED_DATA_PACKAGE_latest.json",ANSWERED,0,0,0,0,SCIENTIFICALLY_SUPPORTED,QUESTION_LOCAL_SUPPORT_CHAIN_COMPLETE,QUESTION_CHAIN_COMPLETE,logion/k7/spe/state/strategy/EA_QUESTION_LADDER_latest.json; logion/k7/spe/state/strategy/QUESTION_CHAIN_PORTFOLIO_REGISTRY_latest.json; logion/k7/spe/state/toolkit/<PUBLIC_BOUNDARY_REDACTED_FILENAME>; logion/k7/reports/ea_questions/EAQ_054/EAQ_054_ANSWER_PACKET_latest.md,logion/k7/reports/ea_questions/EAQ_054/EAQ_054_ANSWER_PACKET_latest.md; logion/k7/reports/ea_questions/EAQ_054/EAQ_054_PYTHON_SIMULATION_RESULT_latest.json; logion/k7/reports/ea_questions/EAQ_054/<PUBLIC_BOUNDARY_REDACTED_FILENAME>; logion/k7/reports/ea_questions/EAQ_054/EAQ_054_PUBLICATION_PACKET_latest.md; logion/k7/reports/ea_questions/EAQ_054/<PUBLIC_BOUNDARY_REDACTED_FILENAME>,No question-local gap for bounded EA-domain answer.
EAQ_055,Which nonlinear failure paths are invisible to current testing and rehearsal practice?,T3_RECOVERABILITY_CHANGE_SAFETY,CHANGE_SAFETY,NONLINEAR_FAILURE_TEST_GAP,make change and migration risk visible,"THR::DISCOVERY_LIFECYCLE_INTEGRITY_FEEDBACK, THR::DISCOVERY_PHASE_TRANSITION_HYSTERESIS","logion/k7/spe/state/toolkit/EA_CASE_CORPUS_MANIFEST_latest.json, logion/k7/spe/state/toolkit/EA_REQUIRED_DATA_PACKAGE_latest.json",ANSWERED,0,0,0,0,SCIENTIFICALLY_SUPPORTED,QUESTION_LOCAL_SUPPORT_CHAIN_COMPLETE,QUESTION_CHAIN_COMPLETE,logion/k7/spe/state/strategy/EA_QUESTION_LADDER_latest.json; logion/k7/spe/state/strategy/QUESTION_CHAIN_PORTFOLIO_REGISTRY_latest.json; logion/k7/spe/state/toolkit/<PUBLIC_BOUNDARY_REDACTED_FILENAME>; logion/k7/reports/ea_questions/EAQ_055/EAQ_055_ANSWER_PACKET_latest.md,logion/k7/reports/ea_questions/EAQ_055/EAQ_055_ANSWER_PACKET_latest.md; logion/k7/reports/ea_questions/EAQ_055/EAQ_055_PYTHON_SIMULATION_RESULT_latest.json; logion/k7/reports/ea_questions/EAQ_055/<PUBLIC_BOUNDARY_REDACTED_FILENAME>; logion/k7/reports/ea_questions/EAQ_055/EAQ_055_PUBLICATION_PACKET_latest.md; logion/k7/reports/ea_questions/EAQ_055/<PUBLIC_BOUNDARY_REDACTED_FILENAME>,No question-local gap for bounded EA-domain answer.
EAQ_056,Can a legacy component be safely decommissioned without hidden service or governance dependency loss?,T3_RECOVERABILITY_CHANGE_SAFETY,ROLLBACK_REBUILD,SAFE_LEGACY_DECOMMISSION,make change and migration risk visible,"THR::DISCOVERY_LIFECYCLE_INTEGRITY_FEEDBACK, THR::DISCOVERY_PHASE_TRANSITION_HYSTERESIS","logion/k7/spe/state/toolkit/EA_CASE_CORPUS_MANIFEST_latest.json, logion/k7/spe/state/toolkit/EA_REQUIRED_DATA_PACKAGE_latest.json",ANSWERED,0,0,0,0,SCIENTIFICALLY_SUPPORTED,QUESTION_LOCAL_SUPPORT_CHAIN_COMPLETE,QUESTION_CHAIN_COMPLETE,logion/k7/spe/state/strategy/EA_QUESTION_LADDER_latest.json; logion/k7/spe/state/strategy/QUESTION_CHAIN_PORTFOLIO_REGISTRY_latest.json; logion/k7/spe/state/toolkit/<PUBLIC_BOUNDARY_REDACTED_FILENAME>; logion/k7/reports/ea_questions/EAQ_056/EAQ_056_ANSWER_PACKET_latest.md,logion/k7/reports/ea_questions/EAQ_056/EAQ_056_ANSWER_PACKET_latest.md; logion/k7/reports/ea_questions/EAQ_056/EAQ_056_PYTHON_SIMULATION_RESULT_latest.json; logion/k7/reports/ea_questions/EAQ_056/<PUBLIC_BOUNDARY_REDACTED_FILENAME>; logion/k7/reports/ea_questions/EAQ_056/EAQ_056_PUBLICATION_PACKET_latest.md; logion/k7/reports/ea_questions/EAQ_056/<PUBLIC_BOUNDARY_REDACTED_FILENAME>,No question-local gap for bounded EA-domain answer.
EAQ_057,Which part of the transformation has the highest downside if the architecture is wrongly assessed as ready?,T4_TRANSFORMATION_FAILURE_PREVENTION,TRANSFORMATION_FAILURE,TRANSFORMATION_FALSE_READINESS,govern AI and automation readiness,"THR::DISCOVERY_DESTRUCTION_DYNAMICS, THR::DISCOVERY_LIFECYCLE_INTEGRITY_FEEDBACK, THR::DISCOVERY_PHASE_TRANSITION_HYSTERESIS","logion/k7/spe/state/toolkit/EA_CASE_CORPUS_MANIFEST_latest.json, logion/k7/spe/state/toolkit/EA_REQUIRED_DATA_PACKAGE_latest.json",ANSWERED,0,0,0,0,SCIENTIFICALLY_SUPPORTED,QUESTION_LOCAL_SUPPORT_CHAIN_COMPLETE,QUESTION_CHAIN_COMPLETE,logion/k7/spe/state/strategy/EA_QUESTION_LADDER_latest.json; logion/k7/spe/state/strategy/QUESTION_CHAIN_PORTFOLIO_REGISTRY_latest.json; logion/k7/spe/state/toolkit/<PUBLIC_BOUNDARY_REDACTED_FILENAME>; logion/k7/reports/ea_questions/EAQ_057/EAQ_057_ANSWER_PACKET_latest.md,logion/k7/reports/ea_questions/EAQ_057/EAQ_057_ANSWER_PACKET_latest.md; logion/k7/reports/ea_questions/EAQ_057/EAQ_057_PYTHON_SIMULATION_RESULT_latest.json; logion/k7/reports/ea_questions/EAQ_057/<PUBLIC_BOUNDARY_REDACTED_FILENAME>; logion/k7/reports/ea_questions/EAQ_057/EAQ_057_PUBLICATION_PACKET_latest.md; logion/k7/reports/ea_questions/EAQ_057/<PUBLIC_BOUNDARY_REDACTED_FILENAME>,No question-local gap for bounded EA-domain answer.
EAQ_058,Where will platform consolidation surface hidden coupling that invalidates the target plan?,T4_TRANSFORMATION_FAILURE_PREVENTION,TRANSFORMATION_FAILURE,PLATFORM_CONSOLIDATION_COUPLING,govern AI and automation readiness,"THR::DISCOVERY_DESTRUCTION_DYNAMICS, THR::DISCOVERY_LIFECYCLE_INTEGRITY_FEEDBACK, THR::DISCOVERY_PHASE_TRANSITION_HYSTERESIS","logion/k7/spe/state/toolkit/EA_CASE_CORPUS_MANIFEST_latest.json, logion/k7/spe/state/toolkit/EA_REQUIRED_DATA_PACKAGE_latest.json",ANSWERED,0,0,0,0,SCIENTIFICALLY_SUPPORTED,QUESTION_LOCAL_SUPPORT_CHAIN_COMPLETE,QUESTION_CHAIN_COMPLETE,logion/k7/spe/state/strategy/EA_QUESTION_LADDER_latest.json; logion/k7/spe/state/strategy/QUESTION_CHAIN_PORTFOLIO_REGISTRY_latest.json; logion/k7/spe/state/toolkit/<PUBLIC_BOUNDARY_REDACTED_FILENAME>; logion/k7/reports/ea_questions/EAQ_058/EAQ_058_ANSWER_PACKET_latest.md,logion/k7/reports/ea_questions/EAQ_058/EAQ_058_ANSWER_PACKET_latest.md; logion/k7/reports/ea_questions/EAQ_058/EAQ_058_PYTHON_SIMULATION_RESULT_latest.json; logion/k7/reports/ea_questions/EAQ_058/<PUBLIC_BOUNDARY_REDACTED_FILENAME>; logion/k7/reports/ea_questions/EAQ_058/EAQ_058_PUBLICATION_PACKET_latest.md; logion/k7/reports/ea_questions/EAQ_058/<PUBLIC_BOUNDARY_REDACTED_FILENAME>,No question-local gap for bounded EA-domain answer.
EAQ_059,Is the operating model compatible with the target architecture or guaranteed to sabotage it?,T4_TRANSFORMATION_FAILURE_PREVENTION,TRANSFORMATION_FAILURE,OPERATING_MODEL_ARCHITECTURE_MISMATCH,govern AI and automation readiness,"THR::DISCOVERY_DESTRUCTION_DYNAMICS, THR::DISCOVERY_LIFECYCLE_INTEGRITY_FEEDBACK, THR::DISCOVERY_PHASE_TRANSITION_HYSTERESIS","logion/k7/spe/state/toolkit/EA_CASE_CORPUS_MANIFEST_latest.json, logion/k7/spe/state/toolkit/EA_REQUIRED_DATA_PACKAGE_latest.json",ANSWERED,0,0,0,0,SCIENTIFICALLY_SUPPORTED,QUESTION_LOCAL_SUPPORT_CHAIN_COMPLETE,QUESTION_CHAIN_COMPLETE,logion/k7/spe/state/strategy/EA_QUESTION_LADDER_latest.json; logion/k7/spe/state/strategy/QUESTION_CHAIN_PORTFOLIO_REGISTRY_latest.json; logion/k7/spe/state/toolkit/<PUBLIC_BOUNDARY_REDACTED_FILENAME>; logion/k7/reports/ea_questions/EAQ_059/EAQ_059_ANSWER_PACKET_latest.md,logion/k7/reports/ea_questions/EAQ_059/EAQ_059_ANSWER_PACKET_latest.md; logion/k7/reports/ea_questions/EAQ_059/EAQ_059_PYTHON_SIMULATION_RESULT_latest.json; logion/k7/reports/ea_questions/EAQ_059/<PUBLIC_BOUNDARY_REDACTED_FILENAME>; logion/k7/reports/ea_questions/EAQ_059/EAQ_059_PUBLICATION_PACKET_latest.md; logion/k7/reports/ea_questions/EAQ_059/<PUBLIC_BOUNDARY_REDACTED_FILENAME>,No question-local gap for bounded EA-domain answer.
EAQ_060,Which backlog or sequencing choices make the transformation impossible to land safely?,T4_TRANSFORMATION_FAILURE_PREVENTION,TRANSFORMATION_FAILURE,TRANSFORMATION_SEQUENCE_FAILURE,govern AI and automation readiness,"THR::DISCOVERY_DESTRUCTION_DYNAMICS, THR::DISCOVERY_LIFECYCLE_INTEGRITY_FEEDBACK, THR::DISCOVERY_PHASE_TRANSITION_HYSTERESIS","logion/k7/spe/state/toolkit/EA_CASE_CORPUS_MANIFEST_latest.json, logion/k7/spe/state/toolkit/EA_REQUIRED_DATA_PACKAGE_latest.json",ANSWERED,0,0,0,0,SCIENTIFICALLY_SUPPORTED,QUESTION_LOCAL_SUPPORT_CHAIN_COMPLETE,QUESTION_CHAIN_COMPLETE,logion/k7/spe/state/strategy/EA_QUESTION_LADDER_latest.json; logion/k7/spe/state/strategy/QUESTION_CHAIN_PORTFOLIO_REGISTRY_latest.json; logion/k7/spe/state/toolkit/<PUBLIC_BOUNDARY_REDACTED_FILENAME>; logion/k7/reports/ea_questions/EAQ_060/EAQ_060_ANSWER_PACKET_latest.md,logion/k7/reports/ea_questions/EAQ_060/EAQ_060_ANSWER_PACKET_latest.md; logion/k7/reports/ea_questions/EAQ_060/EAQ_060_PYTHON_SIMULATION_RESULT_latest.json; logion/k7/reports/ea_questions/EAQ_060/<PUBLIC_BOUNDARY_REDACTED_FILENAME>; logion/k7/reports/ea_questions/EAQ_060/EAQ_060_PUBLICATION_PACKET_latest.md; logion/k7/reports/ea_questions/EAQ_060/<PUBLIC_BOUNDARY_REDACTED_FILENAME>,No question-local gap for bounded EA-domain answer.
EAQ_061,Is the target architecture executable from the current state or only diagrammatically attractive?,T4_TRANSFORMATION_FAILURE_PREVENTION,ROLLBACK_REBUILD,TARGET_ARCHITECTURE_EXECUTABILITY,diagnose architecture behavior under constraints,"THR::DISCOVERY_LIFECYCLE_INTEGRITY_FEEDBACK, THR::DISCOVERY_PHASE_TRANSITION_HYSTERESIS","logion/k7/spe/state/toolkit/EA_CASE_CORPUS_MANIFEST_latest.json, logion/k7/spe/state/toolkit/EA_REQUIRED_DATA_PACKAGE_latest.json",ANSWERED,0,0,0,0,SCIENTIFICALLY_SUPPORTED,QUESTION_LOCAL_SUPPORT_CHAIN_COMPLETE,QUESTION_CHAIN_COMPLETE,logion/k7/spe/state/strategy/EA_QUESTION_LADDER_latest.json; logion/k7/spe/state/strategy/QUESTION_CHAIN_PORTFOLIO_REGISTRY_latest.json; logion/k7/spe/state/toolkit/<PUBLIC_BOUNDARY_REDACTED_FILENAME>; logion/k7/reports/ea_questions/EAQ_061/EAQ_061_ANSWER_PACKET_latest.md,logion/k7/reports/ea_questions/EAQ_061/EAQ_061_ANSWER_PACKET_latest.md; logion/k7/reports/ea_questions/EAQ_061/EAQ_061_PYTHON_SIMULATION_RESULT_latest.json; logion/k7/reports/ea_questions/EAQ_061/<PUBLIC_BOUNDARY_REDACTED_FILENAME>; logion/k7/reports/ea_questions/EAQ_061/EAQ_061_PUBLICATION_PACKET_latest.md; logion/k7/reports/ea_questions/EAQ_061/<PUBLIC_BOUNDARY_REDACTED_FILENAME>,No question-local gap for bounded EA-domain answer.
EAQ_062,Which toolchain migrations create new failure modes before closing old ones?,T4_TRANSFORMATION_FAILURE_PREVENTION,TRANSFORMATION_FAILURE,TOOLCHAIN_MIGRATION_TRAP,make change and migration risk visible,"THR::DISCOVERY_DESTRUCTION_DYNAMICS, THR::DISCOVERY_LIFECYCLE_INTEGRITY_FEEDBACK, THR::DISCOVERY_PHASE_TRANSITION_HYSTERESIS","logion/k7/spe/state/toolkit/EA_CASE_CORPUS_MANIFEST_latest.json, logion/k7/spe/state/toolkit/EA_REQUIRED_DATA_PACKAGE_latest.json",ANSWERED,0,0,0,0,SCIENTIFICALLY_SUPPORTED,QUESTION_LOCAL_SUPPORT_CHAIN_COMPLETE,QUESTION_CHAIN_COMPLETE,logion/k7/spe/state/strategy/EA_QUESTION_LADDER_latest.json; logion/k7/spe/state/strategy/QUESTION_CHAIN_PORTFOLIO_REGISTRY_latest.json; logion/k7/spe/state/toolkit/<PUBLIC_BOUNDARY_REDACTED_FILENAME>; logion/k7/reports/ea_questions/EAQ_062/EAQ_062_ANSWER_PACKET_latest.md,logion/k7/reports/ea_questions/EAQ_062/EAQ_062_ANSWER_PACKET_latest.md; logion/k7/reports/ea_questions/EAQ_062/EAQ_062_PYTHON_SIMULATION_RESULT_latest.json; logion/k7/reports/ea_questions/EAQ_062/<PUBLIC_BOUNDARY_REDACTED_FILENAME>; logion/k7/reports/ea_questions/EAQ_062/EAQ_062_PUBLICATION_PACKET_latest.md; logion/k7/reports/ea_questions/EAQ_062/<PUBLIC_BOUNDARY_REDACTED_FILENAME>,No question-local gap for bounded EA-domain answer.
EAQ_063,Where does vendor lock-in materially increase transformation failure risk?,T4_TRANSFORMATION_FAILURE_PREVENTION,TRANSFORMATION_FAILURE,VENDOR_LOCKIN_TRANSFORMATION_RISK,govern AI and automation readiness,"THR::DISCOVERY_DESTRUCTION_DYNAMICS, THR::DISCOVERY_LIFECYCLE_INTEGRITY_FEEDBACK, THR::DISCOVERY_PHASE_TRANSITION_HYSTERESIS","logion/k7/spe/state/toolkit/EA_CASE_CORPUS_MANIFEST_latest.json, logion/k7/spe/state/toolkit/EA_REQUIRED_DATA_PACKAGE_latest.json",ANSWERED,0,0,0,0,SCIENTIFICALLY_SUPPORTED,QUESTION_LOCAL_SUPPORT_CHAIN_COMPLETE,QUESTION_CHAIN_COMPLETE,logion/k7/spe/state/strategy/EA_QUESTION_LADDER_latest.json; logion/k7/spe/state/strategy/QUESTION_CHAIN_PORTFOLIO_REGISTRY_latest.json; logion/k7/spe/state/toolkit/<PUBLIC_BOUNDARY_REDACTED_FILENAME>; logion/k7/reports/ea_questions/EAQ_063/EAQ_063_ANSWER_PACKET_latest.md,logion/k7/reports/ea_questions/EAQ_063/EAQ_063_ANSWER_PACKET_latest.md; logion/k7/reports/ea_questions/EAQ_063/EAQ_063_PYTHON_SIMULATION_RESULT_latest.json; logion/k7/reports/ea_questions/EAQ_063/<PUBLIC_BOUNDARY_REDACTED_FILENAME>; logion/k7/reports/ea_questions/EAQ_063/EAQ_063_PUBLICATION_PACKET_latest.md; logion/k7/reports/ea_questions/EAQ_063/<PUBLIC_BOUNDARY_REDACTED_FILENAME>,No question-local gap for bounded EA-domain answer.
EAQ_064,Which program steps are in the wrong order relative to dependency and survivability constraints?,T4_TRANSFORMATION_FAILURE_PREVENTION,TRANSFORMATION_FAILURE,PROGRAM_ORDERING_RISK,"survive load, feedback, and resilience stress","THR::DISCOVERY_DESTRUCTION_DYNAMICS, THR::DISCOVERY_LIFECYCLE_INTEGRITY_FEEDBACK, THR::DISCOVERY_PHASE_TRANSITION_HYSTERESIS","logion/k7/spe/state/toolkit/EA_CASE_CORPUS_MANIFEST_latest.json, logion/k7/spe/state/toolkit/EA_REQUIRED_DATA_PACKAGE_latest.json",ANSWERED,0,0,0,0,SCIENTIFICALLY_SUPPORTED,QUESTION_LOCAL_SUPPORT_CHAIN_COMPLETE,QUESTION_CHAIN_COMPLETE,logion/k7/spe/state/strategy/EA_QUESTION_LADDER_latest.json; logion/k7/spe/state/strategy/QUESTION_CHAIN_PORTFOLIO_REGISTRY_latest.json; logion/k7/spe/state/toolkit/<PUBLIC_BOUNDARY_REDACTED_FILENAME>; logion/k7/reports/ea_questions/EAQ_064/EAQ_064_ANSWER_PACKET_latest.md,logion/k7/reports/ea_questions/EAQ_064/EAQ_064_ANSWER_PACKET_latest.md; logion/k7/reports/ea_questions/EAQ_064/EAQ_064_PYTHON_SIMULATION_RESULT_latest.json; logion/k7/reports/ea_questions/EAQ_064/<PUBLIC_BOUNDARY_REDACTED_FILENAME>; logion/k7/reports/ea_questions/EAQ_064/EAQ_064_PUBLICATION_PACKET_latest.md; logion/k7/reports/ea_questions/EAQ_064/<PUBLIC_BOUNDARY_REDACTED_FILENAME>,No question-local gap for bounded EA-domain answer.
EAQ_065,"Is the data-platform migration actually ready for production risk, not just for technical demo success?",T4_TRANSFORMATION_FAILURE_PREVENTION,TRANSFORMATION_FAILURE,DATA_PLATFORM_MIGRATION_READINESS,make change and migration risk visible,"THR::DISCOVERY_DESTRUCTION_DYNAMICS, THR::DISCOVERY_LIFECYCLE_INTEGRITY_FEEDBACK, THR::DISCOVERY_PHASE_TRANSITION_HYSTERESIS","logion/k7/spe/state/toolkit/EA_CASE_CORPUS_MANIFEST_latest.json, logion/k7/spe/state/toolkit/EA_REQUIRED_DATA_PACKAGE_latest.json",ANSWERED,0,0,0,0,SCIENTIFICALLY_SUPPORTED,QUESTION_LOCAL_SUPPORT_CHAIN_COMPLETE,QUESTION_CHAIN_COMPLETE,logion/k7/spe/state/strategy/EA_QUESTION_LADDER_latest.json; logion/k7/spe/state/strategy/QUESTION_CHAIN_PORTFOLIO_REGISTRY_latest.json; logion/k7/spe/state/toolkit/<PUBLIC_BOUNDARY_REDACTED_FILENAME>; logion/k7/reports/ea_questions/EAQ_065/EAQ_065_ANSWER_PACKET_latest.md,logion/k7/reports/ea_questions/EAQ_065/EAQ_065_ANSWER_PACKET_latest.md; logion/k7/reports/ea_questions/EAQ_065/EAQ_065_PYTHON_SIMULATION_RESULT_latest.json; logion/k7/reports/ea_questions/EAQ_065/<PUBLIC_BOUNDARY_REDACTED_FILENAME>; logion/k7/reports/ea_questions/EAQ_065/EAQ_065_PUBLICATION_PACKET_latest.md; logion/k7/reports/ea_questions/EAQ_065/<PUBLIC_BOUNDARY_REDACTED_FILENAME>,No question-local gap for bounded EA-domain answer.
EAQ_066,Which API landscape assumptions will fail once the transformed estate operates at scale?,T4_TRANSFORMATION_FAILURE_PREVENTION,TRANSFORMATION_FAILURE,API_LANDSCAPE_SCALE_FAILURE,govern AI and automation readiness,"THR::DISCOVERY_DESTRUCTION_DYNAMICS, THR::DISCOVERY_LIFECYCLE_INTEGRITY_FEEDBACK, THR::DISCOVERY_PHASE_TRANSITION_HYSTERESIS","logion/k7/spe/state/toolkit/EA_CASE_CORPUS_MANIFEST_latest.json, logion/k7/spe/state/toolkit/EA_REQUIRED_DATA_PACKAGE_latest.json",ANSWERED,0,0,0,0,SCIENTIFICALLY_SUPPORTED,QUESTION_LOCAL_SUPPORT_CHAIN_COMPLETE,QUESTION_CHAIN_COMPLETE,logion/k7/spe/state/strategy/EA_QUESTION_LADDER_latest.json; logion/k7/spe/state/strategy/QUESTION_CHAIN_PORTFOLIO_REGISTRY_latest.json; logion/k7/spe/state/toolkit/<PUBLIC_BOUNDARY_REDACTED_FILENAME>; logion/k7/reports/ea_questions/EAQ_066/EAQ_066_ANSWER_PACKET_latest.md,logion/k7/reports/ea_questions/EAQ_066/EAQ_066_ANSWER_PACKET_latest.md; logion/k7/reports/ea_questions/EAQ_066/EAQ_066_PYTHON_SIMULATION_RESULT_latest.json; logion/k7/reports/ea_questions/EAQ_066/<PUBLIC_BOUNDARY_REDACTED_FILENAME>; logion/k7/reports/ea_questions/EAQ_066/EAQ_066_PUBLICATION_PACKET_latest.md; logion/k7/reports/ea_questions/EAQ_066/<PUBLIC_BOUNDARY_REDACTED_FILENAME>,No question-local gap for bounded EA-domain answer.
EAQ_067,Where do portfolio dependencies guarantee transformation slippage or collapse?,T4_TRANSFORMATION_FAILURE_PREVENTION,TRANSFORMATION_FAILURE,PORTFOLIO_DEPENDENCY_TRANSFORMATION_RISK,make change and migration risk visible,"THR::DISCOVERY_DESTRUCTION_DYNAMICS, THR::DISCOVERY_LIFECYCLE_INTEGRITY_FEEDBACK, THR::DISCOVERY_PHASE_TRANSITION_HYSTERESIS","logion/k7/spe/state/toolkit/EA_CASE_CORPUS_MANIFEST_latest.json, logion/k7/spe/state/toolkit/EA_REQUIRED_DATA_PACKAGE_latest.json",ANSWERED,0,0,0,0,SCIENTIFICALLY_SUPPORTED,QUESTION_LOCAL_SUPPORT_CHAIN_COMPLETE,QUESTION_CHAIN_COMPLETE,logion/k7/spe/state/strategy/EA_QUESTION_LADDER_latest.json; logion/k7/spe/state/strategy/QUESTION_CHAIN_PORTFOLIO_REGISTRY_latest.json; logion/k7/spe/state/toolkit/<PUBLIC_BOUNDARY_REDACTED_FILENAME>; logion/k7/reports/ea_questions/EAQ_067/EAQ_067_ANSWER_PACKET_latest.md,logion/k7/reports/ea_questions/EAQ_067/EAQ_067_ANSWER_PACKET_latest.md; logion/k7/reports/ea_questions/EAQ_067/EAQ_067_PYTHON_SIMULATION_RESULT_latest.json; logion/k7/reports/ea_questions/EAQ_067/<PUBLIC_BOUNDARY_REDACTED_FILENAME>; logion/k7/reports/ea_questions/EAQ_067/EAQ_067_PUBLICATION_PACKET_latest.md; logion/k7/reports/ea_questions/EAQ_067/<PUBLIC_BOUNDARY_REDACTED_FILENAME>,No question-local gap for bounded EA-domain answer.
EAQ_068,Which decision bottlenecks create transformation latency with high rework cost?,T4_TRANSFORMATION_FAILURE_PREVENTION,TRANSFORMATION_FAILURE,DECISION_BOTTLENECK_REWORK,govern AI and automation readiness,"THR::DISCOVERY_DESTRUCTION_DYNAMICS, THR::DISCOVERY_LIFECYCLE_INTEGRITY_FEEDBACK, THR::DISCOVERY_PHASE_TRANSITION_HYSTERESIS","logion/k7/spe/state/toolkit/EA_CASE_CORPUS_MANIFEST_latest.json, logion/k7/spe/state/toolkit/EA_REQUIRED_DATA_PACKAGE_latest.json",ANSWERED,0,0,0,0,SCIENTIFICALLY_SUPPORTED,QUESTION_LOCAL_SUPPORT_CHAIN_COMPLETE,QUESTION_CHAIN_COMPLETE,logion/k7/spe/state/strategy/EA_QUESTION_LADDER_latest.json; logion/k7/spe/state/strategy/QUESTION_CHAIN_PORTFOLIO_REGISTRY_latest.json; logion/k7/spe/state/toolkit/<PUBLIC_BOUNDARY_REDACTED_FILENAME>; logion/k7/reports/ea_questions/EAQ_068/EAQ_068_ANSWER_PACKET_latest.md,logion/k7/reports/ea_questions/EAQ_068/EAQ_068_ANSWER_PACKET_latest.md; logion/k7/reports/ea_questions/EAQ_068/EAQ_068_PYTHON_SIMULATION_RESULT_latest.json; logion/k7/reports/ea_questions/EAQ_068/<PUBLIC_BOUNDARY_REDACTED_FILENAME>; logion/k7/reports/ea_questions/EAQ_068/EAQ_068_PUBLICATION_PACKET_latest.md; logion/k7/reports/ea_questions/EAQ_068/<PUBLIC_BOUNDARY_REDACTED_FILENAME>,No question-local gap for bounded EA-domain answer.
EAQ_069,Where does governance create delay without reducing architectural risk?,T4_TRANSFORMATION_FAILURE_PREVENTION,PORTFOLIO_GOVERNANCE,GOVERNANCE_DELAY_WITHOUT_RISK_REDUCTION,prioritize portfolio intervention and standardization,"THR::DISCOVERY_LIFECYCLE_INTEGRITY_FEEDBACK, THR::DISCOVERY_PHASE_TRANSITION_HYSTERESIS","logion/k7/spe/state/toolkit/EA_CASE_CORPUS_MANIFEST_latest.json, logion/k7/spe/state/toolkit/EA_REQUIRED_DATA_PACKAGE_latest.json",ANSWERED,0,0,0,0,SCIENTIFICALLY_SUPPORTED,QUESTION_LOCAL_SUPPORT_CHAIN_COMPLETE,QUESTION_CHAIN_COMPLETE,logion/k7/spe/state/strategy/EA_QUESTION_LADDER_latest.json; logion/k7/spe/state/strategy/QUESTION_CHAIN_PORTFOLIO_REGISTRY_latest.json; logion/k7/spe/state/toolkit/<PUBLIC_BOUNDARY_REDACTED_FILENAME>; logion/k7/reports/ea_questions/EAQ_069/EAQ_069_ANSWER_PACKET_latest.md,logion/k7/reports/ea_questions/EAQ_069/EAQ_069_ANSWER_PACKET_latest.md; logion/k7/reports/ea_questions/EAQ_069/EAQ_069_PYTHON_SIMULATION_RESULT_latest.json; logion/k7/reports/ea_questions/EAQ_069/<PUBLIC_BOUNDARY_REDACTED_FILENAME>; logion/k7/reports/ea_questions/EAQ_069/EAQ_069_PUBLICATION_PACKET_latest.md; logion/k7/reports/ea_questions/EAQ_069/<PUBLIC_BOUNDARY_REDACTED_FILENAME>,No question-local gap for bounded EA-domain answer.
EAQ_070,Which work packages are most likely to cause cost blowout through rework and rescue effort?,T4_TRANSFORMATION_FAILURE_PREVENTION,TRANSFORMATION_FAILURE,REWORK_COST_BLOWOUT,govern AI and automation readiness,"THR::DISCOVERY_DESTRUCTION_DYNAMICS, THR::DISCOVERY_LIFECYCLE_INTEGRITY_FEEDBACK, THR::DISCOVERY_PHASE_TRANSITION_HYSTERESIS","logion/k7/spe/state/toolkit/EA_CASE_CORPUS_MANIFEST_latest.json, logion/k7/spe/state/toolkit/EA_REQUIRED_DATA_PACKAGE_latest.json",ANSWERED,0,0,0,0,SCIENTIFICALLY_SUPPORTED,QUESTION_LOCAL_SUPPORT_CHAIN_COMPLETE,QUESTION_CHAIN_COMPLETE,logion/k7/spe/state/strategy/EA_QUESTION_LADDER_latest.json; logion/k7/spe/state/strategy/QUESTION_CHAIN_PORTFOLIO_REGISTRY_latest.json; logion/k7/spe/state/toolkit/<PUBLIC_BOUNDARY_REDACTED_FILENAME>; logion/k7/reports/ea_questions/EAQ_070/EAQ_070_ANSWER_PACKET_latest.md,logion/k7/reports/ea_questions/EAQ_070/EAQ_070_ANSWER_PACKET_latest.md; logion/k7/reports/ea_questions/EAQ_070/EAQ_070_PYTHON_SIMULATION_RESULT_latest.json; logion/k7/reports/ea_questions/EAQ_070/<PUBLIC_BOUNDARY_REDACTED_FILENAME>; logion/k7/reports/ea_questions/EAQ_070/EAQ_070_PUBLICATION_PACKET_latest.md; logion/k7/reports/ea_questions/EAQ_070/<PUBLIC_BOUNDARY_REDACTED_FILENAME>,No question-local gap for bounded EA-domain answer.
EAQ_071,Where are standards being applied mechanically instead of within local claim boundaries?,T4_TRANSFORMATION_FAILURE_PREVENTION,PORTFOLIO_GOVERNANCE,STANDARD_MISAPPLICATION,prioritize portfolio intervention and standardization,"THR::DISCOVERY_LIFECYCLE_INTEGRITY_FEEDBACK, THR::DISCOVERY_PHASE_TRANSITION_HYSTERESIS","logion/k7/spe/state/toolkit/EA_CASE_CORPUS_MANIFEST_latest.json, logion/k7/spe/state/toolkit/EA_REQUIRED_DATA_PACKAGE_latest.json",ANSWERED,0,0,0,0,SCIENTIFICALLY_SUPPORTED,QUESTION_LOCAL_SUPPORT_CHAIN_COMPLETE,QUESTION_CHAIN_COMPLETE,logion/k7/spe/state/strategy/EA_QUESTION_LADDER_latest.json; logion/k7/spe/state/strategy/QUESTION_CHAIN_PORTFOLIO_REGISTRY_latest.json; logion/k7/spe/state/toolkit/<PUBLIC_BOUNDARY_REDACTED_FILENAME>; logion/k7/reports/ea_questions/EAQ_071/EAQ_071_ANSWER_PACKET_latest.md,logion/k7/reports/ea_questions/EAQ_071/EAQ_071_ANSWER_PACKET_latest.md; logion/k7/reports/ea_questions/EAQ_071/EAQ_071_PYTHON_SIMULATION_RESULT_latest.json; logion/k7/reports/ea_questions/EAQ_071/<PUBLIC_BOUNDARY_REDACTED_FILENAME>; logion/k7/reports/ea_questions/EAQ_071/EAQ_071_PUBLICATION_PACKET_latest.md; logion/k7/reports/ea_questions/EAQ_071/<PUBLIC_BOUNDARY_REDACTED_FILENAME>,No question-local gap for bounded EA-domain answer.
EAQ_072,Which transformation KPIs are vanity indicators rather than risk-bearing readiness signals?,T4_TRANSFORMATION_FAILURE_PREVENTION,PORTFOLIO_GOVERNANCE,VANITY_TRANSFORMATION_KPI,prioritize portfolio intervention and standardization,"THR::DISCOVERY_LIFECYCLE_INTEGRITY_FEEDBACK, THR::DISCOVERY_PHASE_TRANSITION_HYSTERESIS","logion/k7/spe/state/toolkit/EA_CASE_CORPUS_MANIFEST_latest.json, logion/k7/spe/state/toolkit/EA_REQUIRED_DATA_PACKAGE_latest.json",ANSWERED,0,0,0,0,SCIENTIFICALLY_SUPPORTED,QUESTION_LOCAL_SUPPORT_CHAIN_COMPLETE,QUESTION_CHAIN_COMPLETE,logion/k7/spe/state/strategy/EA_QUESTION_LADDER_latest.json; logion/k7/spe/state/strategy/QUESTION_CHAIN_PORTFOLIO_REGISTRY_latest.json; logion/k7/spe/state/toolkit/<PUBLIC_BOUNDARY_REDACTED_FILENAME>; logion/k7/reports/ea_questions/EAQ_072/EAQ_072_ANSWER_PACKET_latest.md,logion/k7/reports/ea_questions/EAQ_072/EAQ_072_ANSWER_PACKET_latest.md; logion/k7/reports/ea_questions/EAQ_072/EAQ_072_PYTHON_SIMULATION_RESULT_latest.json; logion/k7/reports/ea_questions/EAQ_072/<PUBLIC_BOUNDARY_REDACTED_FILENAME>; logion/k7/reports/ea_questions/EAQ_072/EAQ_072_PUBLICATION_PACKET_latest.md; logion/k7/reports/ea_questions/EAQ_072/<PUBLIC_BOUNDARY_REDACTED_FILENAME>,No question-local gap for bounded EA-domain answer.
EAQ_073,What makes post-merger or multi-estate integration fail even when target designs look coherent?,T4_TRANSFORMATION_FAILURE_PREVENTION,TRANSFORMATION_FAILURE,POST_MERGER_INTEGRATION_SURVIVABILITY,"survive load, feedback, and resilience stress","THR::DISCOVERY_DESTRUCTION_DYNAMICS, THR::DISCOVERY_LIFECYCLE_INTEGRITY_FEEDBACK, THR::DISCOVERY_PHASE_TRANSITION_HYSTERESIS","logion/k7/spe/state/toolkit/EA_CASE_CORPUS_MANIFEST_latest.json, logion/k7/spe/state/toolkit/EA_REQUIRED_DATA_PACKAGE_latest.json",ANSWERED,0,0,0,0,SCIENTIFICALLY_SUPPORTED,QUESTION_LOCAL_SUPPORT_CHAIN_COMPLETE,QUESTION_CHAIN_COMPLETE,logion/k7/spe/state/strategy/EA_QUESTION_LADDER_latest.json; logion/k7/spe/state/strategy/QUESTION_CHAIN_PORTFOLIO_REGISTRY_latest.json; logion/k7/spe/state/toolkit/<PUBLIC_BOUNDARY_REDACTED_FILENAME>; logion/k7/reports/ea_questions/EAQ_073/EAQ_073_ANSWER_PACKET_latest.md,logion/k7/reports/ea_questions/EAQ_073/EAQ_073_ANSWER_PACKET_latest.md; logion/k7/reports/ea_questions/EAQ_073/EAQ_073_PYTHON_SIMULATION_RESULT_latest.json; logion/k7/reports/ea_questions/EAQ_073/<PUBLIC_BOUNDARY_REDACTED_FILENAME>; logion/k7/reports/ea_questions/EAQ_073/EAQ_073_PUBLICATION_PACKET_latest.md; logion/k7/reports/ea_questions/EAQ_073/<PUBLIC_BOUNDARY_REDACTED_FILENAME>,No question-local gap for bounded EA-domain answer.
EAQ_074,How much cyber or compliance debt will block a transformation late in the program?,T4_TRANSFORMATION_FAILURE_PREVENTION,TRANSFORMATION_FAILURE,CYBER_COMPLIANCE_DEBT_BLOCK,govern AI and automation readiness,"THR::DISCOVERY_DESTRUCTION_DYNAMICS, THR::DISCOVERY_LIFECYCLE_INTEGRITY_FEEDBACK, THR::DISCOVERY_PHASE_TRANSITION_HYSTERESIS","logion/k7/spe/state/toolkit/EA_CASE_CORPUS_MANIFEST_latest.json, logion/k7/spe/state/toolkit/EA_REQUIRED_DATA_PACKAGE_latest.json",ANSWERED,0,0,0,0,SCIENTIFICALLY_SUPPORTED,QUESTION_LOCAL_SUPPORT_CHAIN_COMPLETE,QUESTION_CHAIN_COMPLETE,logion/k7/spe/state/strategy/EA_QUESTION_LADDER_latest.json; logion/k7/spe/state/strategy/QUESTION_CHAIN_PORTFOLIO_REGISTRY_latest.json; logion/k7/spe/state/toolkit/<PUBLIC_BOUNDARY_REDACTED_FILENAME>; logion/k7/reports/ea_questions/EAQ_074/EAQ_074_ANSWER_PACKET_latest.md,logion/k7/reports/ea_questions/EAQ_074/EAQ_074_ANSWER_PACKET_latest.md; logion/k7/reports/ea_questions/EAQ_074/EAQ_074_PYTHON_SIMULATION_RESULT_latest.json; logion/k7/reports/ea_questions/EAQ_074/<PUBLIC_BOUNDARY_REDACTED_FILENAME>; logion/k7/reports/ea_questions/EAQ_074/EAQ_074_PUBLICATION_PACKET_latest.md; logion/k7/reports/ea_questions/EAQ_074/<PUBLIC_BOUNDARY_REDACTED_FILENAME>,No question-local gap for bounded EA-domain answer.
EAQ_075,Where is cost-to-serve rising because the architecture scales the wrong thing?,T5_SCALE_COST_PERFORMANCE,PERFORMANCE_EFFICIENCY,COST_TO_SERVE_RUNAWAY,diagnose architecture behavior under constraints,"THR::DISCOVERY_DESTRUCTION_DYNAMICS, THR::DISCOVERY_PHASE_TRANSITION_HYSTERESIS","logion/k7/spe/state/toolkit/EA_CASE_CORPUS_MANIFEST_latest.json, logion/k7/spe/state/toolkit/EA_REQUIRED_DATA_PACKAGE_latest.json",ANSWERED,0,0,0,0,SCIENTIFICALLY_SUPPORTED,QUESTION_LOCAL_SUPPORT_CHAIN_COMPLETE,QUESTION_CHAIN_COMPLETE,logion/k7/spe/state/strategy/EA_QUESTION_LADDER_latest.json; logion/k7/spe/state/strategy/QUESTION_CHAIN_PORTFOLIO_REGISTRY_latest.json; logion/k7/spe/state/toolkit/<PUBLIC_BOUNDARY_REDACTED_FILENAME>; logion/k7/reports/ea_questions/EAQ_075/EAQ_075_ANSWER_PACKET_latest.md,logion/k7/reports/ea_questions/EAQ_075/EAQ_075_ANSWER_PACKET_latest.md; logion/k7/reports/ea_questions/EAQ_075/EAQ_075_PYTHON_SIMULATION_RESULT_latest.json; logion/k7/reports/ea_questions/EAQ_075/<PUBLIC_BOUNDARY_REDACTED_FILENAME>; logion/k7/reports/ea_questions/EAQ_075/EAQ_075_PUBLICATION_PACKET_latest.md; logion/k7/reports/ea_questions/EAQ_075/<PUBLIC_BOUNDARY_REDACTED_FILENAME>,No question-local gap for bounded EA-domain answer.
EAQ_076,What is the optimal survivability versus overprovisioning tradeoff for this estate?,T5_SCALE_COST_PERFORMANCE,PERFORMANCE_EFFICIENCY,OVERPROVISIONING_TRADEOFF,"survive load, feedback, and resilience stress","THR::DISCOVERY_DESTRUCTION_DYNAMICS, THR::DISCOVERY_PHASE_TRANSITION_HYSTERESIS","logion/k7/spe/state/toolkit/EA_CASE_CORPUS_MANIFEST_latest.json, logion/k7/spe/state/toolkit/EA_REQUIRED_DATA_PACKAGE_latest.json",ANSWERED,0,0,0,0,SCIENTIFICALLY_SUPPORTED,QUESTION_LOCAL_SUPPORT_CHAIN_COMPLETE,QUESTION_CHAIN_COMPLETE,logion/k7/spe/state/strategy/EA_QUESTION_LADDER_latest.json; logion/k7/spe/state/strategy/QUESTION_CHAIN_PORTFOLIO_REGISTRY_latest.json; logion/k7/spe/state/toolkit/<PUBLIC_BOUNDARY_REDACTED_FILENAME>; logion/k7/reports/ea_questions/EAQ_076/EAQ_076_ANSWER_PACKET_latest.md,logion/k7/reports/ea_questions/EAQ_076/EAQ_076_ANSWER_PACKET_latest.md; logion/k7/reports/ea_questions/EAQ_076/EAQ_076_PYTHON_SIMULATION_RESULT_latest.json; logion/k7/reports/ea_questions/EAQ_076/<PUBLIC_BOUNDARY_REDACTED_FILENAME>; logion/k7/reports/ea_questions/EAQ_076/EAQ_076_PUBLICATION_PACKET_latest.md; logion/k7/reports/ea_questions/EAQ_076/<PUBLIC_BOUNDARY_REDACTED_FILENAME>,No question-local gap for bounded EA-domain answer.
EAQ_077,Where is underprovisioning hidden by averages and aggregate dashboards?,T5_SCALE_COST_PERFORMANCE,PERFORMANCE_EFFICIENCY,UNDERPROVISIONING_HIDDEN_BY_AVERAGES,diagnose architecture behavior under constraints,"THR::DISCOVERY_DESTRUCTION_DYNAMICS, THR::DISCOVERY_PHASE_TRANSITION_HYSTERESIS","logion/k7/spe/state/toolkit/EA_CASE_CORPUS_MANIFEST_latest.json, logion/k7/spe/state/toolkit/EA_REQUIRED_DATA_PACKAGE_latest.json",ANSWERED,0,0,0,0,SCIENTIFICALLY_SUPPORTED,QUESTION_LOCAL_SUPPORT_CHAIN_COMPLETE,QUESTION_CHAIN_COMPLETE,logion/k7/spe/state/strategy/EA_QUESTION_LADDER_latest.json; logion/k7/spe/state/strategy/QUESTION_CHAIN_PORTFOLIO_REGISTRY_latest.json; logion/k7/spe/state/toolkit/<PUBLIC_BOUNDARY_REDACTED_FILENAME>; logion/k7/reports/ea_questions/EAQ_077/EAQ_077_ANSWER_PACKET_latest.md,logion/k7/reports/ea_questions/EAQ_077/EAQ_077_ANSWER_PACKET_latest.md; logion/k7/reports/ea_questions/EAQ_077/EAQ_077_PYTHON_SIMULATION_RESULT_latest.json; logion/k7/reports/ea_questions/EAQ_077/<PUBLIC_BOUNDARY_REDACTED_FILENAME>; logion/k7/reports/ea_questions/EAQ_077/EAQ_077_PUBLICATION_PACKET_latest.md; logion/k7/reports/ea_questions/EAQ_077/<PUBLIC_BOUNDARY_REDACTED_FILENAME>,No question-local gap for bounded EA-domain answer.
EAQ_078,Which performance regressions will matter before business stakeholders notice them?,T5_SCALE_COST_PERFORMANCE,PERFORMANCE_EFFICIENCY,EARLY_PERFORMANCE_REGRESSION,diagnose architecture behavior under constraints,"THR::DISCOVERY_DESTRUCTION_DYNAMICS, THR::DISCOVERY_PHASE_TRANSITION_HYSTERESIS","logion/k7/spe/state/toolkit/EA_CASE_CORPUS_MANIFEST_latest.json, logion/k7/spe/state/toolkit/EA_REQUIRED_DATA_PACKAGE_latest.json",ANSWERED,0,0,0,0,SCIENTIFICALLY_SUPPORTED,QUESTION_LOCAL_SUPPORT_CHAIN_COMPLETE,QUESTION_CHAIN_COMPLETE,logion/k7/spe/state/strategy/EA_QUESTION_LADDER_latest.json; logion/k7/spe/state/strategy/QUESTION_CHAIN_PORTFOLIO_REGISTRY_latest.json; logion/k7/spe/state/toolkit/<PUBLIC_BOUNDARY_REDACTED_FILENAME>; logion/k7/reports/ea_questions/EAQ_078/EAQ_078_ANSWER_PACKET_latest.md,logion/k7/reports/ea_questions/EAQ_078/EAQ_078_ANSWER_PACKET_latest.md; logion/k7/reports/ea_questions/EAQ_078/EAQ_078_PYTHON_SIMULATION_RESULT_latest.json; logion/k7/reports/ea_questions/EAQ_078/<PUBLIC_BOUNDARY_REDACTED_FILENAME>; logion/k7/reports/ea_questions/EAQ_078/EAQ_078_PUBLICATION_PACKET_latest.md; logion/k7/reports/ea_questions/EAQ_078/<PUBLIC_BOUNDARY_REDACTED_FILENAME>,No question-local gap for bounded EA-domain answer.
EAQ_079,How does storage layout or data gravity create systemic bottlenecks?,T5_SCALE_COST_PERFORMANCE,PERFORMANCE_EFFICIENCY,DATA_GRAVITY_BOTTLENECK,diagnose architecture behavior under constraints,"THR::DISCOVERY_DESTRUCTION_DYNAMICS, THR::DISCOVERY_PHASE_TRANSITION_HYSTERESIS","logion/k7/spe/state/toolkit/EA_CASE_CORPUS_MANIFEST_latest.json, logion/k7/spe/state/toolkit/EA_REQUIRED_DATA_PACKAGE_latest.json",ANSWERED,0,0,0,0,SCIENTIFICALLY_SUPPORTED,QUESTION_LOCAL_SUPPORT_CHAIN_COMPLETE,QUESTION_CHAIN_COMPLETE,logion/k7/spe/state/strategy/EA_QUESTION_LADDER_latest.json; logion/k7/spe/state/strategy/QUESTION_CHAIN_PORTFOLIO_REGISTRY_latest.json; logion/k7/spe/state/toolkit/<PUBLIC_BOUNDARY_REDACTED_FILENAME>; logion/k7/reports/ea_questions/EAQ_079/EAQ_079_ANSWER_PACKET_latest.md,logion/k7/reports/ea_questions/EAQ_079/EAQ_079_ANSWER_PACKET_latest.md; logion/k7/reports/ea_questions/EAQ_079/EAQ_079_PYTHON_SIMULATION_RESULT_latest.json; logion/k7/reports/ea_questions/EAQ_079/<PUBLIC_BOUNDARY_REDACTED_FILENAME>; logion/k7/reports/ea_questions/EAQ_079/EAQ_079_PUBLICATION_PACKET_latest.md; logion/k7/reports/ea_questions/EAQ_079/<PUBLIC_BOUNDARY_REDACTED_FILENAME>,No question-local gap for bounded EA-domain answer.
EAQ_080,Where is integration tax destroying change velocity and increasing failure cost?,T5_SCALE_COST_PERFORMANCE,PERFORMANCE_EFFICIENCY,INTEGRATION_TAX,make change and migration risk visible,"THR::DISCOVERY_DESTRUCTION_DYNAMICS, THR::DISCOVERY_PHASE_TRANSITION_HYSTERESIS","logion/k7/spe/state/toolkit/EA_CASE_CORPUS_MANIFEST_latest.json, logion/k7/spe/state/toolkit/EA_REQUIRED_DATA_PACKAGE_latest.json",ANSWERED,0,0,0,0,SCIENTIFICALLY_SUPPORTED,QUESTION_LOCAL_SUPPORT_CHAIN_COMPLETE,QUESTION_CHAIN_COMPLETE,logion/k7/spe/state/strategy/EA_QUESTION_LADDER_latest.json; logion/k7/spe/state/strategy/QUESTION_CHAIN_PORTFOLIO_REGISTRY_latest.json; logion/k7/spe/state/toolkit/<PUBLIC_BOUNDARY_REDACTED_FILENAME>; logion/k7/reports/ea_questions/EAQ_080/EAQ_080_ANSWER_PACKET_latest.md,logion/k7/reports/ea_questions/EAQ_080/EAQ_080_ANSWER_PACKET_latest.md; logion/k7/reports/ea_questions/EAQ_080/EAQ_080_PYTHON_SIMULATION_RESULT_latest.json; logion/k7/reports/ea_questions/EAQ_080/<PUBLIC_BOUNDARY_REDACTED_FILENAME>; logion/k7/reports/ea_questions/EAQ_080/EAQ_080_PUBLICATION_PACKET_latest.md; logion/k7/reports/ea_questions/EAQ_080/<PUBLIC_BOUNDARY_REDACTED_FILENAME>,No question-local gap for bounded EA-domain answer.
EAQ_081,Which platform sprawl patterns produce avoidable operational and licensing cost?,T5_SCALE_COST_PERFORMANCE,PERFORMANCE_EFFICIENCY,PLATFORM_SPRAWL_COST,diagnose architecture behavior under constraints,"THR::DISCOVERY_DESTRUCTION_DYNAMICS, THR::DISCOVERY_PHASE_TRANSITION_HYSTERESIS","logion/k7/spe/state/toolkit/EA_CASE_CORPUS_MANIFEST_latest.json, logion/k7/spe/state/toolkit/EA_REQUIRED_DATA_PACKAGE_latest.json",ANSWERED,0,0,0,0,SCIENTIFICALLY_SUPPORTED,QUESTION_LOCAL_SUPPORT_CHAIN_COMPLETE,QUESTION_CHAIN_COMPLETE,logion/k7/spe/state/strategy/EA_QUESTION_LADDER_latest.json; logion/k7/spe/state/strategy/QUESTION_CHAIN_PORTFOLIO_REGISTRY_latest.json; logion/k7/spe/state/toolkit/<PUBLIC_BOUNDARY_REDACTED_FILENAME>; logion/k7/reports/ea_questions/EAQ_081/EAQ_081_ANSWER_PACKET_latest.md,logion/k7/reports/ea_questions/EAQ_081/EAQ_081_ANSWER_PACKET_latest.md; logion/k7/reports/ea_questions/EAQ_081/EAQ_081_PYTHON_SIMULATION_RESULT_latest.json; logion/k7/reports/ea_questions/EAQ_081/<PUBLIC_BOUNDARY_REDACTED_FILENAME>; logion/k7/reports/ea_questions/EAQ_081/EAQ_081_PUBLICATION_PACKET_latest.md; logion/k7/reports/ea_questions/EAQ_081/<PUBLIC_BOUNDARY_REDACTED_FILENAME>,No question-local gap for bounded EA-domain answer.
EAQ_082,What duplicated capabilities in the estate should be removed first to lower risk and cost?,T5_SCALE_COST_PERFORMANCE,PERFORMANCE_EFFICIENCY,DUPLICATED_CAPABILITY_WASTE,diagnose architecture behavior under constraints,"THR::DISCOVERY_DESTRUCTION_DYNAMICS, THR::DISCOVERY_PHASE_TRANSITION_HYSTERESIS","logion/k7/spe/state/toolkit/EA_CASE_CORPUS_MANIFEST_latest.json, logion/k7/spe/state/toolkit/EA_REQUIRED_DATA_PACKAGE_latest.json",ANSWERED,0,0,0,0,SCIENTIFICALLY_SUPPORTED,QUESTION_LOCAL_SUPPORT_CHAIN_COMPLETE,QUESTION_CHAIN_COMPLETE,logion/k7/spe/state/strategy/EA_QUESTION_LADDER_latest.json; logion/k7/spe/state/strategy/QUESTION_CHAIN_PORTFOLIO_REGISTRY_latest.json; logion/k7/spe/state/toolkit/<PUBLIC_BOUNDARY_REDACTED_FILENAME>; logion/k7/reports/ea_questions/EAQ_082/EAQ_082_ANSWER_PACKET_latest.md,logion/k7/reports/ea_questions/EAQ_082/EAQ_082_ANSWER_PACKET_latest.md; logion/k7/reports/ea_questions/EAQ_082/EAQ_082_PYTHON_SIMULATION_RESULT_latest.json; logion/k7/reports/ea_questions/EAQ_082/<PUBLIC_BOUNDARY_REDACTED_FILENAME>; logion/k7/reports/ea_questions/EAQ_082/EAQ_082_PUBLICATION_PACKET_latest.md; logion/k7/reports/ea_questions/EAQ_082/<PUBLIC_BOUNDARY_REDACTED_FILENAME>,No question-local gap for bounded EA-domain answer.
EAQ_083,Where is the topology inherently adding latency that no local code optimization can remove?,T5_SCALE_COST_PERFORMANCE,PERFORMANCE_EFFICIENCY,TOPOLOGY_LATENCY,diagnose architecture behavior under constraints,"THR::DISCOVERY_DESTRUCTION_DYNAMICS, THR::DISCOVERY_PHASE_TRANSITION_HYSTERESIS","logion/k7/spe/state/toolkit/EA_CASE_CORPUS_MANIFEST_latest.json, logion/k7/spe/state/toolkit/EA_REQUIRED_DATA_PACKAGE_latest.json",ANSWERED,0,0,0,0,SCIENTIFICALLY_SUPPORTED,QUESTION_LOCAL_SUPPORT_CHAIN_COMPLETE,QUESTION_CHAIN_COMPLETE,logion/k7/spe/state/strategy/EA_QUESTION_LADDER_latest.json; logion/k7/spe/state/strategy/QUESTION_CHAIN_PORTFOLIO_REGISTRY_latest.json; logion/k7/spe/state/toolkit/<PUBLIC_BOUNDARY_REDACTED_FILENAME>; logion/k7/reports/ea_questions/EAQ_083/EAQ_083_ANSWER_PACKET_latest.md,logion/k7/reports/ea_questions/EAQ_083/EAQ_083_ANSWER_PACKET_latest.md; logion/k7/reports/ea_questions/EAQ_083/EAQ_083_PYTHON_SIMULATION_RESULT_latest.json; logion/k7/reports/ea_questions/EAQ_083/<PUBLIC_BOUNDARY_REDACTED_FILENAME>; logion/k7/reports/ea_questions/EAQ_083/EAQ_083_PUBLICATION_PACKET_latest.md; logion/k7/reports/ea_questions/EAQ_083/<PUBLIC_BOUNDARY_REDACTED_FILENAME>,No question-local gap for bounded EA-domain answer.
EAQ_084,Which compute hotspots are predictable enough to price and mitigate before incidents occur?,T5_SCALE_COST_PERFORMANCE,PERFORMANCE_EFFICIENCY,COMPUTE_HOTSPOT_PREDICTABILITY,diagnose architecture behavior under constraints,"THR::DISCOVERY_DESTRUCTION_DYNAMICS, THR::DISCOVERY_PHASE_TRANSITION_HYSTERESIS","logion/k7/spe/state/toolkit/EA_CASE_CORPUS_MANIFEST_latest.json, logion/k7/spe/state/toolkit/EA_REQUIRED_DATA_PACKAGE_latest.json",ANSWERED,0,0,0,0,SCIENTIFICALLY_SUPPORTED,QUESTION_LOCAL_SUPPORT_CHAIN_COMPLETE,QUESTION_CHAIN_COMPLETE,logion/k7/spe/state/strategy/EA_QUESTION_LADDER_latest.json; logion/k7/spe/state/strategy/QUESTION_CHAIN_PORTFOLIO_REGISTRY_latest.json; logion/k7/spe/state/toolkit/<PUBLIC_BOUNDARY_REDACTED_FILENAME>; logion/k7/reports/ea_questions/EAQ_084/EAQ_084_ANSWER_PACKET_latest.md,logion/k7/reports/ea_questions/EAQ_084/EAQ_084_ANSWER_PACKET_latest.md; logion/k7/reports/ea_questions/EAQ_084/EAQ_084_PYTHON_SIMULATION_RESULT_latest.json; logion/k7/reports/ea_questions/EAQ_084/<PUBLIC_BOUNDARY_REDACTED_FILENAME>; logion/k7/reports/ea_questions/EAQ_084/EAQ_084_PUBLICATION_PACKET_latest.md; logion/k7/reports/ea_questions/EAQ_084/<PUBLIC_BOUNDARY_REDACTED_FILENAME>,No question-local gap for bounded EA-domain answer.
EAQ_085,"How do queues, retries, or buffering amplify both latency and spend?",T5_SCALE_COST_PERFORMANCE,PERFORMANCE_EFFICIENCY,QUEUE_COST_AMPLIFICATION,diagnose architecture behavior under constraints,"THR::DISCOVERY_DESTRUCTION_DYNAMICS, THR::DISCOVERY_PHASE_TRANSITION_HYSTERESIS","logion/k7/spe/state/toolkit/EA_CASE_CORPUS_MANIFEST_latest.json, logion/k7/spe/state/toolkit/EA_REQUIRED_DATA_PACKAGE_latest.json",ANSWERED,0,0,0,0,SCIENTIFICALLY_SUPPORTED,QUESTION_LOCAL_SUPPORT_CHAIN_COMPLETE,QUESTION_CHAIN_COMPLETE,logion/k7/spe/state/strategy/EA_QUESTION_LADDER_latest.json; logion/k7/spe/state/strategy/QUESTION_CHAIN_PORTFOLIO_REGISTRY_latest.json; logion/k7/spe/state/toolkit/<PUBLIC_BOUNDARY_REDACTED_FILENAME>; logion/k7/reports/ea_questions/EAQ_085/EAQ_085_ANSWER_PACKET_latest.md,logion/k7/reports/ea_questions/EAQ_085/EAQ_085_ANSWER_PACKET_latest.md; logion/k7/reports/ea_questions/EAQ_085/EAQ_085_PYTHON_SIMULATION_RESULT_latest.json; logion/k7/reports/ea_questions/EAQ_085/<PUBLIC_BOUNDARY_REDACTED_FILENAME>; logion/k7/reports/ea_questions/EAQ_085/EAQ_085_PUBLICATION_PACKET_latest.md; logion/k7/reports/ea_questions/EAQ_085/<PUBLIC_BOUNDARY_REDACTED_FILENAME>,No question-local gap for bounded EA-domain answer.
EAQ_086,Which observability streams cost more than the decisions they improve?,T5_SCALE_COST_PERFORMANCE,OBSERVABILITY_TELEMETRY,OBSERVABILITY_COST_VS_VALUE,turn telemetry into decision-grade evidence,"THR::DISCOVERY_COMPENSATORY_ADAPTIVE_RESPONSE, THR::DISCOVERY_LIFECYCLE_INTEGRITY_FEEDBACK","logion/k4/observability/state/NIGHTLY_OUTCOME_YIELD_latest.json, logion/k7/spe/state/toolkit/EA_CASE_CORPUS_MANIFEST_latest.json, logion/k7/spe/state/toolkit/EA_REQUIRED_DATA_PACKAGE_latest.json, runtime/monitoring/live/ENGINEERING_TELEMETRY_latest.json",ANSWERED,0,0,0,0,SCIENTIFICALLY_SUPPORTED,QUESTION_LOCAL_SUPPORT_CHAIN_COMPLETE,QUESTION_CHAIN_COMPLETE,logion/k7/spe/state/strategy/EA_QUESTION_LADDER_latest.json; logion/k7/spe/state/strategy/QUESTION_CHAIN_PORTFOLIO_REGISTRY_latest.json; logion/k7/spe/state/toolkit/<PUBLIC_BOUNDARY_REDACTED_FILENAME>; logion/k7/reports/ea_questions/EAQ_086/EAQ_086_ANSWER_PACKET_latest.md,logion/k7/reports/ea_questions/EAQ_086/EAQ_086_ANSWER_PACKET_latest.md; logion/k7/reports/ea_questions/EAQ_086/EAQ_086_PYTHON_SIMULATION_RESULT_latest.json; logion/k7/reports/ea_questions/EAQ_086/<PUBLIC_BOUNDARY_REDACTED_FILENAME>; logion/k7/reports/ea_questions/EAQ_086/EAQ_086_PUBLICATION_PACKET_latest.md; logion/k7/reports/ea_questions/EAQ_086/<PUBLIC_BOUNDARY_REDACTED_FILENAME>,No question-local gap for bounded EA-domain answer.
EAQ_087,Where should resilience spend be concentrated for maximum downside-risk reduction?,T5_SCALE_COST_PERFORMANCE,PERFORMANCE_EFFICIENCY,RESILIENCE_SPEND_ALLOCATION,diagnose architecture behavior under constraints,"THR::DISCOVERY_DESTRUCTION_DYNAMICS, THR::DISCOVERY_PHASE_TRANSITION_HYSTERESIS","logion/k7/spe/state/toolkit/EA_CASE_CORPUS_MANIFEST_latest.json, logion/k7/spe/state/toolkit/EA_REQUIRED_DATA_PACKAGE_latest.json",ANSWERED,0,0,0,0,SCIENTIFICALLY_SUPPORTED,QUESTION_LOCAL_SUPPORT_CHAIN_COMPLETE,QUESTION_CHAIN_COMPLETE,logion/k7/spe/state/strategy/EA_QUESTION_LADDER_latest.json; logion/k7/spe/state/strategy/QUESTION_CHAIN_PORTFOLIO_REGISTRY_latest.json; logion/k7/spe/state/toolkit/<PUBLIC_BOUNDARY_REDACTED_FILENAME>; logion/k7/reports/ea_questions/EAQ_087/EAQ_087_ANSWER_PACKET_latest.md,logion/k7/reports/ea_questions/EAQ_087/EAQ_087_ANSWER_PACKET_latest.md; logion/k7/reports/ea_questions/EAQ_087/EAQ_087_PYTHON_SIMULATION_RESULT_latest.json; logion/k7/reports/ea_questions/EAQ_087/<PUBLIC_BOUNDARY_REDACTED_FILENAME>; logion/k7/reports/ea_questions/EAQ_087/EAQ_087_PUBLICATION_PACKET_latest.md; logion/k7/reports/ea_questions/EAQ_087/<PUBLIC_BOUNDARY_REDACTED_FILENAME>,No question-local gap for bounded EA-domain answer.
EAQ_088,Which license or SaaS concentration risks create hidden operating leverage and failure cost?,T5_SCALE_COST_PERFORMANCE,PERFORMANCE_EFFICIENCY,LICENSE_CONCENTRATION_RISK,govern AI and automation readiness,"THR::DISCOVERY_DESTRUCTION_DYNAMICS, THR::DISCOVERY_PHASE_TRANSITION_HYSTERESIS","logion/k7/spe/state/toolkit/EA_CASE_CORPUS_MANIFEST_latest.json, logion/k7/spe/state/toolkit/EA_REQUIRED_DATA_PACKAGE_latest.json",ANSWERED,0,0,0,0,SCIENTIFICALLY_SUPPORTED,QUESTION_LOCAL_SUPPORT_CHAIN_COMPLETE,QUESTION_CHAIN_COMPLETE,logion/k7/spe/state/strategy/EA_QUESTION_LADDER_latest.json; logion/k7/spe/state/strategy/QUESTION_CHAIN_PORTFOLIO_REGISTRY_latest.json; logion/k7/spe/state/toolkit/<PUBLIC_BOUNDARY_REDACTED_FILENAME>; logion/k7/reports/ea_questions/EAQ_088/EAQ_088_ANSWER_PACKET_latest.md,logion/k7/reports/ea_questions/EAQ_088/EAQ_088_ANSWER_PACKET_latest.md; logion/k7/reports/ea_questions/EAQ_088/EAQ_088_PYTHON_SIMULATION_RESULT_latest.json; logion/k7/reports/ea_questions/EAQ_088/<PUBLIC_BOUNDARY_REDACTED_FILENAME>; logion/k7/reports/ea_questions/EAQ_088/EAQ_088_PUBLICATION_PACKET_latest.md; logion/k7/reports/ea_questions/EAQ_088/<PUBLIC_BOUNDARY_REDACTED_FILENAME>,No question-local gap for bounded EA-domain answer.
EAQ_089,Where does aggressive performance optimization undermine recoverability or safety?,T5_SCALE_COST_PERFORMANCE,PERFORMANCE_EFFICIENCY,PERFORMANCE_OPTIMIZATION_FRAGILITY,diagnose architecture behavior under constraints,"THR::DISCOVERY_DESTRUCTION_DYNAMICS, THR::DISCOVERY_PHASE_TRANSITION_HYSTERESIS","logion/k7/spe/state/toolkit/EA_CASE_CORPUS_MANIFEST_latest.json, logion/k7/spe/state/toolkit/EA_REQUIRED_DATA_PACKAGE_latest.json",ANSWERED,0,0,0,0,SCIENTIFICALLY_SUPPORTED,QUESTION_LOCAL_SUPPORT_CHAIN_COMPLETE,QUESTION_CHAIN_COMPLETE,logion/k7/spe/state/strategy/EA_QUESTION_LADDER_latest.json; logion/k7/spe/state/strategy/QUESTION_CHAIN_PORTFOLIO_REGISTRY_latest.json; logion/k7/spe/state/toolkit/<PUBLIC_BOUNDARY_REDACTED_FILENAME>; logion/k7/reports/ea_questions/EAQ_089/EAQ_089_ANSWER_PACKET_latest.md,logion/k7/reports/ea_questions/EAQ_089/EAQ_089_ANSWER_PACKET_latest.md; logion/k7/reports/ea_questions/EAQ_089/EAQ_089_PYTHON_SIMULATION_RESULT_latest.json; logion/k7/reports/ea_questions/EAQ_089/<PUBLIC_BOUNDARY_REDACTED_FILENAME>; logion/k7/reports/ea_questions/EAQ_089/EAQ_089_PUBLICATION_PACKET_latest.md; logion/k7/reports/ea_questions/EAQ_089/<PUBLIC_BOUNDARY_REDACTED_FILENAME>,No question-local gap for bounded EA-domain answer.
EAQ_090,What batch or maintenance windows are saturating estate cost and operational tolerance?,T5_SCALE_COST_PERFORMANCE,PERFORMANCE_EFFICIENCY,BATCH_WINDOW_SATURATION,govern AI and automation readiness,"THR::DISCOVERY_DESTRUCTION_DYNAMICS, THR::DISCOVERY_PHASE_TRANSITION_HYSTERESIS","logion/k7/spe/state/toolkit/EA_CASE_CORPUS_MANIFEST_latest.json, logion/k7/spe/state/toolkit/EA_REQUIRED_DATA_PACKAGE_latest.json",ANSWERED,0,0,0,0,SCIENTIFICALLY_SUPPORTED,QUESTION_LOCAL_SUPPORT_CHAIN_COMPLETE,QUESTION_CHAIN_COMPLETE,logion/k7/spe/state/strategy/EA_QUESTION_LADDER_latest.json; logion/k7/spe/state/strategy/QUESTION_CHAIN_PORTFOLIO_REGISTRY_latest.json; logion/k7/spe/state/toolkit/<PUBLIC_BOUNDARY_REDACTED_FILENAME>; logion/k7/reports/ea_questions/EAQ_090/EAQ_090_ANSWER_PACKET_latest.md,logion/k7/reports/ea_questions/EAQ_090/EAQ_090_ANSWER_PACKET_latest.md; logion/k7/reports/ea_questions/EAQ_090/EAQ_090_PYTHON_SIMULATION_RESULT_latest.json; logion/k7/reports/ea_questions/EAQ_090/<PUBLIC_BOUNDARY_REDACTED_FILENAME>; logion/k7/reports/ea_questions/EAQ_090/EAQ_090_PUBLICATION_PACKET_latest.md; logion/k7/reports/ea_questions/EAQ_090/<PUBLIC_BOUNDARY_REDACTED_FILENAME>,No question-local gap for bounded EA-domain answer.
EAQ_091,Which systems deserve immediate intervention because their downside risk dominates the portfolio?,T6_PORTFOLIO_GOVERNANCE_STRATEGY,PORTFOLIO_GOVERNANCE,PORTFOLIO_INTERVENTION_PRIORITY,prioritize portfolio intervention and standardization,"THR::DISCOVERY_LIFECYCLE_INTEGRITY_FEEDBACK, THR::DISCOVERY_PHASE_TRANSITION_HYSTERESIS","logion/k7/spe/state/toolkit/EA_CASE_CORPUS_MANIFEST_latest.json, logion/k7/spe/state/toolkit/EA_REQUIRED_DATA_PACKAGE_latest.json",ANSWERED,0,0,0,0,SCIENTIFICALLY_SUPPORTED,QUESTION_LOCAL_SUPPORT_CHAIN_COMPLETE,QUESTION_CHAIN_COMPLETE,logion/k7/spe/state/strategy/EA_QUESTION_LADDER_latest.json; logion/k7/spe/state/strategy/QUESTION_CHAIN_PORTFOLIO_REGISTRY_latest.json; logion/k7/spe/state/toolkit/<PUBLIC_BOUNDARY_REDACTED_FILENAME>; logion/k7/reports/ea_questions/EAQ_091/EAQ_091_ANSWER_PACKET_latest.md,logion/k7/reports/ea_questions/EAQ_091/EAQ_091_ANSWER_PACKET_latest.md; logion/k7/reports/ea_questions/EAQ_091/EAQ_091_PYTHON_SIMULATION_RESULT_latest.json; logion/k7/reports/ea_questions/EAQ_091/<PUBLIC_BOUNDARY_REDACTED_FILENAME>; logion/k7/reports/ea_questions/EAQ_091/EAQ_091_PUBLICATION_PACKET_latest.md; logion/k7/reports/ea_questions/EAQ_091/<PUBLIC_BOUNDARY_REDACTED_FILENAME>,No question-local gap for bounded EA-domain answer.
EAQ_092,Which active programs carry the highest transformation downside relative to expected value?,T6_PORTFOLIO_GOVERNANCE_STRATEGY,PORTFOLIO_GOVERNANCE,PROGRAM_DOWNSIDE_PRIORITY,prioritize portfolio intervention and standardization,"THR::DISCOVERY_LIFECYCLE_INTEGRITY_FEEDBACK, THR::DISCOVERY_PHASE_TRANSITION_HYSTERESIS","logion/k7/spe/state/toolkit/EA_CASE_CORPUS_MANIFEST_latest.json, logion/k7/spe/state/toolkit/EA_REQUIRED_DATA_PACKAGE_latest.json",ANSWERED,0,0,0,0,SCIENTIFICALLY_SUPPORTED,QUESTION_LOCAL_SUPPORT_CHAIN_COMPLETE,QUESTION_CHAIN_COMPLETE,logion/k7/spe/state/strategy/EA_QUESTION_LADDER_latest.json; logion/k7/spe/state/strategy/QUESTION_CHAIN_PORTFOLIO_REGISTRY_latest.json; logion/k7/spe/state/toolkit/<PUBLIC_BOUNDARY_REDACTED_FILENAME>; logion/k7/reports/ea_questions/EAQ_092/EAQ_092_ANSWER_PACKET_latest.md,logion/k7/reports/ea_questions/EAQ_092/EAQ_092_ANSWER_PACKET_latest.md; logion/k7/reports/ea_questions/EAQ_092/EAQ_092_PYTHON_SIMULATION_RESULT_latest.json; logion/k7/reports/ea_questions/EAQ_092/<PUBLIC_BOUNDARY_REDACTED_FILENAME>; logion/k7/reports/ea_questions/EAQ_092/EAQ_092_PUBLICATION_PACKET_latest.md; logion/k7/reports/ea_questions/EAQ_092/<PUBLIC_BOUNDARY_REDACTED_FILENAME>,No question-local gap for bounded EA-domain answer.
EAQ_093,Where does governance add net positive value and where is it only ceremonial cost?,T6_PORTFOLIO_GOVERNANCE_STRATEGY,PORTFOLIO_GOVERNANCE,GOVERNANCE_NET_VALUE,prioritize portfolio intervention and standardization,"THR::DISCOVERY_LIFECYCLE_INTEGRITY_FEEDBACK, THR::DISCOVERY_PHASE_TRANSITION_HYSTERESIS","logion/k7/spe/state/toolkit/EA_CASE_CORPUS_MANIFEST_latest.json, logion/k7/spe/state/toolkit/EA_REQUIRED_DATA_PACKAGE_latest.json",ANSWERED,0,0,0,0,SCIENTIFICALLY_SUPPORTED,QUESTION_LOCAL_SUPPORT_CHAIN_COMPLETE,QUESTION_CHAIN_COMPLETE,logion/k7/spe/state/strategy/EA_QUESTION_LADDER_latest.json; logion/k7/spe/state/strategy/QUESTION_CHAIN_PORTFOLIO_REGISTRY_latest.json; logion/k7/spe/state/toolkit/<PUBLIC_BOUNDARY_REDACTED_FILENAME>; logion/k7/reports/ea_questions/EAQ_093/EAQ_093_ANSWER_PACKET_latest.md,logion/k7/reports/ea_questions/EAQ_093/EAQ_093_ANSWER_PACKET_latest.md; logion/k7/reports/ea_questions/EAQ_093/EAQ_093_PYTHON_SIMULATION_RESULT_latest.json; logion/k7/reports/ea_questions/EAQ_093/<PUBLIC_BOUNDARY_REDACTED_FILENAME>; logion/k7/reports/ea_questions/EAQ_093/EAQ_093_PUBLICATION_PACKET_latest.md; logion/k7/reports/ea_questions/EAQ_093/<PUBLIC_BOUNDARY_REDACTED_FILENAME>,No question-local gap for bounded EA-domain answer.
EAQ_094,Which capabilities can be standardized safely without erasing critical local context?,T6_PORTFOLIO_GOVERNANCE_STRATEGY,PORTFOLIO_GOVERNANCE,SAFE_STANDARDIZATION_BOUNDARY,prevent boundary and privilege collapse,"THR::DISCOVERY_LIFECYCLE_INTEGRITY_FEEDBACK, THR::DISCOVERY_PHASE_TRANSITION_HYSTERESIS","logion/k7/spe/state/toolkit/EA_CASE_CORPUS_MANIFEST_latest.json, logion/k7/spe/state/toolkit/EA_REQUIRED_DATA_PACKAGE_latest.json",ANSWERED,0,0,0,0,SCIENTIFICALLY_SUPPORTED,QUESTION_LOCAL_SUPPORT_CHAIN_COMPLETE,QUESTION_CHAIN_COMPLETE,logion/k7/spe/state/strategy/EA_QUESTION_LADDER_latest.json; logion/k7/spe/state/strategy/QUESTION_CHAIN_PORTFOLIO_REGISTRY_latest.json; logion/k7/spe/state/toolkit/<PUBLIC_BOUNDARY_REDACTED_FILENAME>; logion/k7/reports/ea_questions/EAQ_094/EAQ_094_ANSWER_PACKET_latest.md,logion/k7/reports/ea_questions/EAQ_094/EAQ_094_ANSWER_PACKET_latest.md; logion/k7/reports/ea_questions/EAQ_094/EAQ_094_PYTHON_SIMULATION_RESULT_latest.json; logion/k7/reports/ea_questions/EAQ_094/<PUBLIC_BOUNDARY_REDACTED_FILENAME>; logion/k7/reports/ea_questions/EAQ_094/EAQ_094_PUBLICATION_PACKET_latest.md; logion/k7/reports/ea_questions/EAQ_094/<PUBLIC_BOUNDARY_REDACTED_FILENAME>,No question-local gap for bounded EA-domain answer.
EAQ_095,When should the institute stop growing formalism and start applying the current model at scale?,T6_PORTFOLIO_GOVERNANCE_STRATEGY,PORTFOLIO_GOVERNANCE,RESEARCH_TO_APPLICATION_SWITCH,prioritize portfolio intervention and standardization,"THR::DISCOVERY_LIFECYCLE_INTEGRITY_FEEDBACK, THR::DISCOVERY_PHASE_TRANSITION_HYSTERESIS","logion/k7/spe/state/toolkit/EA_CASE_CORPUS_MANIFEST_latest.json, logion/k7/spe/state/toolkit/EA_REQUIRED_DATA_PACKAGE_latest.json",ANSWERED,0,0,0,0,SCIENTIFICALLY_SUPPORTED,QUESTION_LOCAL_SUPPORT_CHAIN_COMPLETE,QUESTION_CHAIN_COMPLETE,logion/k7/spe/state/strategy/EA_QUESTION_LADDER_latest.json; logion/k7/spe/state/strategy/QUESTION_CHAIN_PORTFOLIO_REGISTRY_latest.json; logion/k7/spe/state/toolkit/<PUBLIC_BOUNDARY_REDACTED_FILENAME>; logion/k7/reports/ea_questions/EAQ_095/EAQ_095_ANSWER_PACKET_latest.md,logion/k7/reports/ea_questions/EAQ_095/EAQ_095_ANSWER_PACKET_latest.md; logion/k7/reports/ea_questions/EAQ_095/EAQ_095_PYTHON_SIMULATION_RESULT_latest.json; logion/k7/reports/ea_questions/EAQ_095/<PUBLIC_BOUNDARY_REDACTED_FILENAME>; logion/k7/reports/ea_questions/EAQ_095/EAQ_095_PUBLICATION_PACKET_latest.md; logion/k7/reports/ea_questions/EAQ_095/<PUBLIC_BOUNDARY_REDACTED_FILENAME>,No question-local gap for bounded EA-domain answer.
EAQ_096,Which unanswered client question has the best value-to-compute ratio right now?,T6_PORTFOLIO_GOVERNANCE_STRATEGY,PORTFOLIO_GOVERNANCE,BEST_VALUE_TO_COMPUTE_NEXT_QUESTION,prioritize portfolio intervention and standardization,"THR::DISCOVERY_LIFECYCLE_INTEGRITY_FEEDBACK, THR::DISCOVERY_PHASE_TRANSITION_HYSTERESIS","logion/k7/spe/state/toolkit/EA_CASE_CORPUS_MANIFEST_latest.json, logion/k7/spe/state/toolkit/EA_REQUIRED_DATA_PACKAGE_latest.json",ANSWERED,0,0,0,0,SCIENTIFICALLY_SUPPORTED,QUESTION_LOCAL_SUPPORT_CHAIN_COMPLETE,QUESTION_CHAIN_COMPLETE,logion/k7/spe/state/strategy/EA_QUESTION_LADDER_latest.json; logion/k7/spe/state/strategy/QUESTION_CHAIN_PORTFOLIO_REGISTRY_latest.json; logion/k7/spe/state/toolkit/<PUBLIC_BOUNDARY_REDACTED_FILENAME>; logion/k7/reports/ea_questions/EAQ_096/EAQ_096_ANSWER_PACKET_latest.md,logion/k7/reports/ea_questions/EAQ_096/EAQ_096_ANSWER_PACKET_latest.md; logion/k7/reports/ea_questions/EAQ_096/EAQ_096_PYTHON_SIMULATION_RESULT_latest.json; logion/k7/reports/ea_questions/EAQ_096/<PUBLIC_BOUNDARY_REDACTED_FILENAME>; logion/k7/reports/ea_questions/EAQ_096/EAQ_096_PUBLICATION_PACKET_latest.md; logion/k7/reports/ea_questions/EAQ_096/<PUBLIC_BOUNDARY_REDACTED_FILENAME>,No question-local gap for bounded EA-domain answer.
EAQ_097,When is a question already answered enough to avoid redundant research spend?,T6_PORTFOLIO_GOVERNANCE_STRATEGY,PORTFOLIO_GOVERNANCE,ANSWERED_ENOUGH_DECISION,prioritize portfolio intervention and standardization,"THR::DISCOVERY_LIFECYCLE_INTEGRITY_FEEDBACK, THR::DISCOVERY_PHASE_TRANSITION_HYSTERESIS","logion/k7/spe/state/toolkit/EA_CASE_CORPUS_MANIFEST_latest.json, logion/k7/spe/state/toolkit/EA_REQUIRED_DATA_PACKAGE_latest.json",ANSWERED,0,0,0,0,SCIENTIFICALLY_SUPPORTED,QUESTION_LOCAL_SUPPORT_CHAIN_COMPLETE,QUESTION_CHAIN_COMPLETE,logion/k7/spe/state/strategy/EA_QUESTION_LADDER_latest.json; logion/k7/spe/state/strategy/QUESTION_CHAIN_PORTFOLIO_REGISTRY_latest.json; logion/k7/spe/state/toolkit/<PUBLIC_BOUNDARY_REDACTED_FILENAME>; logion/k7/reports/ea_questions/EAQ_097/EAQ_097_ANSWER_PACKET_latest.md,logion/k7/reports/ea_questions/EAQ_097/EAQ_097_ANSWER_PACKET_latest.md; logion/k7/reports/ea_questions/EAQ_097/EAQ_097_PYTHON_SIMULATION_RESULT_latest.json; logion/k7/reports/ea_questions/EAQ_097/<PUBLIC_BOUNDARY_REDACTED_FILENAME>; logion/k7/reports/ea_questions/EAQ_097/EAQ_097_PUBLICATION_PACKET_latest.md; logion/k7/reports/ea_questions/EAQ_097/<PUBLIC_BOUNDARY_REDACTED_FILENAME>,No question-local gap for bounded EA-domain answer.
EAQ_098,"Which telemetry streams actually improve research selection, operations, or pricing decisions?",T6_PORTFOLIO_GOVERNANCE_STRATEGY,OBSERVABILITY_TELEMETRY,TELEMETRY_USEFULNESS,turn telemetry into decision-grade evidence,"THR::DISCOVERY_COMPENSATORY_ADAPTIVE_RESPONSE, THR::DISCOVERY_LIFECYCLE_INTEGRITY_FEEDBACK","logion/k4/observability/state/NIGHTLY_OUTCOME_YIELD_latest.json, logion/k7/spe/state/toolkit/EA_CASE_CORPUS_MANIFEST_latest.json, logion/k7/spe/state/toolkit/EA_REQUIRED_DATA_PACKAGE_latest.json, runtime/monitoring/live/ENGINEERING_TELEMETRY_latest.json",ANSWERED,0,0,0,0,SCIENTIFICALLY_SUPPORTED,QUESTION_LOCAL_SUPPORT_CHAIN_COMPLETE,QUESTION_CHAIN_COMPLETE,logion/k7/spe/state/strategy/EA_QUESTION_LADDER_latest.json; logion/k7/spe/state/strategy/QUESTION_CHAIN_PORTFOLIO_REGISTRY_latest.json; logion/k7/spe/state/toolkit/<PUBLIC_BOUNDARY_REDACTED_FILENAME>; logion/k7/reports/ea_questions/EAQ_098/EAQ_098_ANSWER_PACKET_latest.md,logion/k7/reports/ea_questions/EAQ_098/EAQ_098_ANSWER_PACKET_latest.md; logion/k7/reports/ea_questions/EAQ_098/EAQ_098_PYTHON_SIMULATION_RESULT_latest.json; logion/k7/reports/ea_questions/EAQ_098/<PUBLIC_BOUNDARY_REDACTED_FILENAME>; logion/k7/reports/ea_questions/EAQ_098/EAQ_098_PUBLICATION_PACKET_latest.md; logion/k7/reports/ea_questions/EAQ_098/<PUBLIC_BOUNDARY_REDACTED_FILENAME>,No question-local gap for bounded EA-domain answer.
EAQ_099,"Where does Logion itself waste runtime, storage, or artifact churn relative to value produced?",T6_PORTFOLIO_GOVERNANCE_STRATEGY,SYSTEM_OPTIMIZATION,SYSTEM_RESOURCE_FOOTPRINT,diagnose architecture behavior under constraints,"THR::DISCOVERY_COMPENSATORY_ADAPTIVE_RESPONSE, THR::DISCOVERY_LIFECYCLE_INTEGRITY_FEEDBACK","logion/k4/observability/state/NIGHTLY_OUTCOME_YIELD_latest.json, logion/k7/spe/state/toolkit/EA_CASE_CORPUS_MANIFEST_latest.json, logion/k7/spe/state/toolkit/EA_REQUIRED_DATA_PACKAGE_latest.json, runtime/monitoring/live/ENGINEERING_TELEMETRY_latest.json",ANSWERED,0,0,0,0,SCIENTIFICALLY_SUPPORTED,QUESTION_LOCAL_SUPPORT_CHAIN_COMPLETE,QUESTION_CHAIN_COMPLETE,logion/k7/spe/state/strategy/EA_QUESTION_LADDER_latest.json; logion/k7/spe/state/strategy/QUESTION_CHAIN_PORTFOLIO_REGISTRY_latest.json; logion/k7/spe/state/toolkit/<PUBLIC_BOUNDARY_REDACTED_FILENAME>; logion/k7/reports/ea_questions/EAQ_099/EAQ_099_ANSWER_PACKET_latest.md,logion/k7/reports/ea_questions/EAQ_099/EAQ_099_ANSWER_PACKET_latest.md; logion/k7/reports/ea_questions/EAQ_099/EAQ_099_PYTHON_SIMULATION_RESULT_latest.json; logion/k7/reports/ea_questions/EAQ_099/<PUBLIC_BOUNDARY_REDACTED_FILENAME>; logion/k7/reports/ea_questions/EAQ_099/EAQ_099_PUBLICATION_PACKET_latest.md; logion/k7/reports/ea_questions/EAQ_099/<PUBLIC_BOUNDARY_REDACTED_FILENAME>,No question-local gap for bounded EA-domain answer.
EAQ_100,What should be the next EA question the institute pursues after the current frontier closes?,T6_PORTFOLIO_GOVERNANCE_STRATEGY,PORTFOLIO_GOVERNANCE,NEXT_INSTITUTE_QUESTION,prioritize portfolio intervention and standardization,"THR::DISCOVERY_LIFECYCLE_INTEGRITY_FEEDBACK, THR::DISCOVERY_PHASE_TRANSITION_HYSTERESIS","logion/k7/spe/state/toolkit/EA_CASE_CORPUS_MANIFEST_latest.json, logion/k7/spe/state/toolkit/EA_REQUIRED_DATA_PACKAGE_latest.json",ANSWERED,0,0,0,0,SCIENTIFICALLY_SUPPORTED,QUESTION_LOCAL_SUPPORT_CHAIN_COMPLETE,QUESTION_CHAIN_COMPLETE,logion/k7/spe/state/strategy/EA_QUESTION_LADDER_latest.json; logion/k7/spe/state/strategy/QUESTION_CHAIN_PORTFOLIO_REGISTRY_latest.json; logion/k7/spe/state/toolkit/<PUBLIC_BOUNDARY_REDACTED_FILENAME>; logion/k7/reports/ea_questions/EAQ_100/EAQ_100_ANSWER_PACKET_latest.md,logion/k7/reports/ea_questions/EAQ_100/EAQ_100_ANSWER_PACKET_latest.md; logion/k7/reports/ea_questions/EAQ_100/EAQ_100_PYTHON_SIMULATION_RESULT_latest.json; logion/k7/reports/ea_questions/EAQ_100/<PUBLIC_BOUNDARY_REDACTED_FILENAME>; logion/k7/reports/ea_questions/EAQ_100/EAQ_100_PUBLICATION_PACKET_latest.md; logion/k7/reports/ea_questions/EAQ_100/<PUBLIC_BOUNDARY_REDACTED_FILENAME>,No question-local gap for bounded EA-domain answer.
EAQ_101,Where is the repository graph incomplete enough to invalidate impact or risk decisions?,,,,diagnose architecture behavior under constraints,,,ANSWERED_BY_EXISTING_MODEL,0,0,0,0,IN_PROGRESS,QUESTION_LOCAL_CHAIN_IN_PROGRESS,IN_PROGRESS_WITH_BOUNDED_PACKET,logion/k7/spe/state/strategy/EA_QUESTION_LADDER_latest.json; logion/k7/spe/state/strategy/QUESTION_CHAIN_PORTFOLIO_REGISTRY_latest.json; logion/k7/spe/state/toolkit/<PUBLIC_BOUNDARY_REDACTED_FILENAME>; logion/k7/reports/ea_questions/EAQ_101/EAQ_101_ANSWER_PACKET_latest.md,logion/k7/reports/ea_questions/EAQ_101/EAQ_101_ANSWER_PACKET_latest.md; logion/k7/reports/ea_questions/EAQ_101/EAQ_101_PYTHON_SIMULATION_RESULT_latest.json; logion/k7/reports/ea_questions/EAQ_101/<PUBLIC_BOUNDARY_REDACTED_FILENAME>,"Bounded packet exists, but portfolio registry still marks the question chain in progress; close science/client/product/publication chain before promotion."
EAQ_102,Which steps add real control and which steps add only ceremonial latency?,,,,diagnose architecture behavior under constraints,,,ANSWERED_BY_EXISTING_MODEL,0,0,0,0,IN_PROGRESS,QUESTION_LOCAL_CHAIN_IN_PROGRESS,IN_PROGRESS_WITH_BOUNDED_PACKET,logion/k7/spe/state/strategy/EA_QUESTION_LADDER_latest.json; logion/k7/spe/state/strategy/QUESTION_CHAIN_PORTFOLIO_REGISTRY_latest.json; logion/k7/spe/state/toolkit/<PUBLIC_BOUNDARY_REDACTED_FILENAME>; logion/k7/reports/ea_questions/EAQ_102/EAQ_102_ANSWER_PACKET_latest.md,logion/k7/reports/ea_questions/EAQ_102/EAQ_102_ANSWER_PACKET_latest.md; logion/k7/reports/ea_questions/EAQ_102/EAQ_102_PYTHON_SIMULATION_RESULT_latest.json; logion/k7/reports/ea_questions/EAQ_102/<PUBLIC_BOUNDARY_REDACTED_FILENAME>,"Bounded packet exists, but portfolio registry still marks the question chain in progress; close science/client/product/publication chain before promotion."
EAQ_103,Can executive-ready decision traces be generated without manual assembly?,,,,turn telemetry into decision-grade evidence,,,ANSWERED_BY_EXISTING_MODEL,0,0,0,0,IN_PROGRESS,QUESTION_LOCAL_CHAIN_IN_PROGRESS,IN_PROGRESS_WITH_BOUNDED_PACKET,logion/k7/spe/state/strategy/EA_QUESTION_LADDER_latest.json; logion/k7/spe/state/strategy/QUESTION_CHAIN_PORTFOLIO_REGISTRY_latest.json; logion/k7/spe/state/toolkit/<PUBLIC_BOUNDARY_REDACTED_FILENAME>; logion/k7/reports/ea_questions/EAQ_103/EAQ_103_ANSWER_PACKET_latest.md,logion/k7/reports/ea_questions/EAQ_103/EAQ_103_ANSWER_PACKET_latest.md; logion/k7/reports/ea_questions/EAQ_103/EAQ_103_PYTHON_SIMULATION_RESULT_latest.json; logion/k7/reports/ea_questions/EAQ_103/<PUBLIC_BOUNDARY_REDACTED_FILENAME>,"Bounded packet exists, but portfolio registry still marks the question chain in progress; close science/client/product/publication chain before promotion."
