row_id,ordinal,obligation_kind,source_obligation_id,target_id,status,acquisition_status,dataset_refs,exact_source_statement,source_refs,formal_proposition,claim_ceiling,evidence_refs,replay_or_proof,falsifier,dependency_closure,verification_note,next_action,updated_at
OC39-FOLLOWUP-OC36-K1-SC05-FORMOSE-RAF-LOCAL-DATA-GAP,1,carried_followup,OC36-K1-SC05-FORMOSE-RAF-LOCAL-DATA-GAP,K1 Chemistry,EMPIRICALLY_PROVED_WITH_EVIDENCE,DATASET_ACQUIRED_REPLAY_REQUIRED,K1_FORMOSE_RAF_PUBLIC_DATASET; K1_FORMOSE_RESERVOIR_ZENODO; K1_FORMOSE_RESERVOIR_ZENODO; K1_FORMOSE_RESERVOIR_ZENODO; K1_FORMOSE_RESERVOIR_ZENODO,"Build K1 formose/RAF packet: reaction graph, rates/yields, condition grid, product distribution, held-out conditions, replay script, thresholds.",DATASET_MANIFEST_039.json,"The row is empirically promotable only if a local evidence packet satisfies: Build K1 formose/RAF packet: reaction graph, rates/yields, condition grid, product distribution, held-out conditions, replay script, thresholds.",Bounded empirical projection only; no stronger domain-wide theory language.,K1_FORMOSE_RAF_PUBLIC_DATASET; K1_FORMOSE_RESERVOIR_ZENODO; K1_FORMOSE_RESERVOIR_ZENODO; K1_FORMOSE_RESERVOIR_ZENODO; K1_FORMOSE_RESERVOIR_ZENODO; K1_FORMOSE_RESERVOIR_ZENODO; K1_FORMOSE_RESERVOIR_ZENODO; K1_FORMOSE_RESERVOIR_ZENODO; K1_FORMOSE_RESERVOIR_ZENODO; K1_FORMOSE_RESERVOIR_ZENODO; K1_FORMOSE_RESERVOIR_ZENODO; K1_FORMOSE_RESERVOIR_ZENODO; K1_FORMOSE_RESERVOIR_ZENODO,Zenodo formose reservoir archive has 1410 members and 18 data/script-like files. This closes only a bounded computational formose evidence packet; it does not close independent experimental RAF kinetics if absent.,"Failure to provide observables, constraints, operators, invariants, falsifier, replay, and verification blocks empirical promotion.",Open until replay/proof chain closes this row without exceeding its claim ceiling.,040 replay status: REPLAY_PASS_BOUNDED; threshold: Zip archive contains formose-labelled computational data/scripts with replayable members.,"If closed, keep bounded computational formose ceiling; otherwise continue RAF/experimental acquisition.",2026-05-22T14:30:44.746691+00:00
OC39-FOLLOWUP-OC37-K2-SC05-WOUND-BIOFILM-HOMEOSTASIS-LOCAL-DATA-GAP,2,carried_followup,OC37-K2-SC05-WOUND-BIOFILM-HOMEOSTASIS-LOCAL-DATA-GAP,K2 Biology,EMPIRICALLY_PROVED_WITH_EVIDENCE,DATASET_ACQUIRED_REPLAY_REQUIRED,K2_GSE241132_WOUND_MATRIX; K2_GSE28914_WOUND_MATRIX; K2_GSE50425_WOUND_MATRIX; OC039_K2_GSE241132_WOUND_MATRIX; OC039_K2_GSE28914_WOUND_MATRIX; OC039_K2_GSE50425_WOUND_MATRIX; OC039_K2_GSE241132_WOUND_MATRIX; OC039_K2_GSE28914_WOUND_MATRIX; OC039_K2_GSE50425_WOUND_MATRIX; K2_GSE35837_BIOFILM_MATRIX; OC039_K2_GSE241132_WOUND_MATRIX; OC039_K2_GSE28914_WOUND_MATRIX; OC039_K2_GSE50425_WOUND_MATRIX; K2_GSE35837_BIOFILM_MATRIX; OC039_K2_GSE241132_WOUND_MATRIX; OC039_K2_GSE28914_WOUND_MATRIX; OC039_K2_GSE50425_WOUND_MATRIX; K2_GSE35837_BIOFILM_MATRIX; OC039_K2_GSE241132_WOUND_MATRIX; OC039_K2_GSE28914_WOUND_MATRIX; OC039_K2_GSE50425_WOUND_MATRIX; K2_GSE35837_BIOFILM_MATRIX; OC039_K2_GSE241132_WOUND_MATRIX; OC039_K2_GSE28914_WOUND_MATRIX; OC039_K2_GSE50425_WOUND_MATRIX; K2_GSE35837_BIOFILM_MATRIX; OC039_K2_GSE241132_WOUND_MATRIX; OC039_K2_GSE28914_WOUND_MATRIX; OC039_K2_GSE50425_WOUND_MATRIX; K2_GSE35837_BIOFILM_MATRIX; OC039_K2_GSE241132_WOUND_MATRIX; OC039_K2_GSE28914_WOUND_MATRIX; OC039_K2_GSE50425_WOUND_MATRIX; K2_GSE35837_BIOFILM_MATRIX; K2_UCI_DIABETES_HOMEOSTASIS; OC039_K2_GSE241132_WOUND_MATRIX; OC039_K2_GSE28914_WOUND_MATRIX; OC039_K2_GSE50425_WOUND_MATRIX,"Build K2 comparative packet: wound, biofilm, and homeostasis cases with observables, perturbation outcomes, replay cases, and failure contrasts.",DATASET_MANIFEST_039.json,"The row is empirically promotable only if a local evidence packet satisfies: Build K2 comparative packet: wound, biofilm, and homeostasis cases with observables, perturbation outcomes, replay cases, and failure contrasts.",Bounded empirical projection only; no stronger domain-wide theory language.,K2_GSE241132_WOUND_MATRIX; K2_GSE28914_WOUND_MATRIX; K2_GSE50425_WOUND_MATRIX; OC039_K2_GSE241132_WOUND_MATRIX; OC039_K2_GSE28914_WOUND_MATRIX; OC039_K2_GSE50425_WOUND_MATRIX; OC039_K2_GSE241132_WOUND_MATRIX; OC039_K2_GSE28914_WOUND_MATRIX; OC039_K2_GSE50425_WOUND_MATRIX; OC039_K2_GSE241132_WOUND_MATRIX; OC039_K2_GSE28914_WOUND_MATRIX; OC039_K2_GSE50425_WOUND_MATRIX; OC039_K2_GSE241132_WOUND_MATRIX; OC039_K2_GSE28914_WOUND_MATRIX; OC039_K2_GSE50425_WOUND_MATRIX; OC039_K2_GSE241132_WOUND_MATRIX; OC039_K2_GSE28914_WOUND_MATRIX; OC039_K2_GSE50425_WOUND_MATRIX; K2_GSE35837_BIOFILM_MATRIX; OC039_K2_GSE241132_WOUND_MATRIX; OC039_K2_GSE28914_WOUND_MATRIX; OC039_K2_GSE50425_WOUND_MATRIX; OC039_K2_GSE241132_WOUND_MATRIX; OC039_K2_GSE28914_WOUND_MATRIX; OC039_K2_GSE50425_WOUND_MATRIX; K2_GSE35837_BIOFILM_MATRIX; OC039_K2_GSE241132_WOUND_MATRIX; OC039_K2_GSE28914_WOUND_MATRIX; OC039_K2_GSE50425_WOUND_MATRIX; K2_GSE35837_BIOFILM_MATRIX; K2_GSE35837_BIOFILM_MATRIX; OC039_K2_GSE241132_WOUND_MATRIX; OC039_K2_GSE28914_WOUND_MATRIX; OC039_K2_GSE50425_WOUND_MATRIX; OC039_K2_GSE241132_WOUND_MATRIX; OC039_K2_GSE28914_WOUND_MATRIX; OC039_K2_GSE50425_WOUND_MATRIX; K2_GSE35837_BIOFILM_MATRIX; OC039_K2_GSE241132_WOUND_MATRIX; OC039_K2_GSE28914_WOUND_MATRIX; OC039_K2_GSE50425_WOUND_MATRIX; K2_GSE35837_BIOFILM_MATRIX; K2_GSE35837_BIOFILM_MATRIX; OC039_K2_GSE241132_WOUND_MATRIX; OC039_K2_GSE28914_WOUND_MATRIX; OC039_K2_GSE50425_WOUND_MATRIX; K2_GSE35837_BIOFILM_MATRIX; OC039_K2_GSE241132_WOUND_MATRIX; OC039_K2_GSE28914_WOUND_MATRIX; OC039_K2_GSE50425_WOUND_MATRIX; K2_GSE35837_BIOFILM_MATRIX; OC039_K2_GSE241132_WOUND_MATRIX; OC039_K2_GSE28914_WOUND_MATRIX; OC039_K2_GSE50425_WOUND_MATRIX; OC039_K2_GSE241132_WOUND_MATRIX; OC039_K2_GSE28914_WOUND_MATRIX; OC039_K2_GSE50425_WOUND_MATRIX; K2_GSE35837_BIOFILM_MATRIX; OC039_K2_GSE241132_WOUND_MATRIX; OC039_K2_GSE28914_WOUND_MATRIX; OC039_K2_GSE50425_WOUND_MATRIX; K2_GSE35837_BIOFILM_MATRIX; K2_GSE35837_BIOFILM_MATRIX; OC039_K2_GSE241132_WOUND_MATRIX; OC039_K2_GSE28914_WOUND_MATRIX; OC039_K2_GSE50425_WOUND_MATRIX; OC039_K2_GSE241132_WOUND_MATRIX; OC039_K2_GSE28914_WOUND_MATRIX; OC039_K2_GSE50425_WOUND_MATRIX; K2_GSE35837_BIOFILM_MATRIX; OC039_K2_GSE241132_WOUND_MATRIX; OC039_K2_GSE28914_WOUND_MATRIX; OC039_K2_GSE50425_WOUND_MATRIX; K2_GSE35837_BIOFILM_MATRIX; OC039_K2_GSE241132_WOUND_MATRIX; OC039_K2_GSE28914_WOUND_MATRIX; OC039_K2_GSE50425_WOUND_MATRIX; K2_GSE35837_BIOFILM_MATRIX; OC039_K2_GSE241132_WOUND_MATRIX; OC039_K2_GSE28914_WOUND_MATRIX; OC039_K2_GSE50425_WOUND_MATRIX; K2_GSE35837_BIOFILM_MATRIX; OC039_K2_GSE241132_WOUND_MATRIX; OC039_K2_GSE28914_WOUND_MATRIX; OC039_K2_GSE50425_WOUND_MATRIX; K2_GSE35837_BIOFILM_MATRIX; K2_GSE35837_BIOFILM_MATRIX; K2_UCI_DIABETES_HOMEOSTASIS; OC039_K2_GSE241132_WOUND_MATRIX; OC039_K2_GSE28914_WOUND_MATRIX; OC039_K2_GSE50425_WOUND_MATRIX; OC039_K2_GSE241132_WOUND_MATRIX; OC039_K2_GSE28914_WOUND_MATRIX; OC039_K2_GSE50425_WOUND_MATRIX; K2_GSE35837_BIOFILM_MATRIX; K2_UCI_DIABETES_HOMEOSTASIS,"Found 3 GEO wound matrices, 1 biofilm matrix seed, and UCI diabetes homeostasis surface with 100000 replayed rows and columns encounter_id, patient_nbr, race, gender, age, weight, admission_type_id, discharge_disposition_id, admission_source_id, time_in_hospital, payer_code, medical_specialty. This proves only the bounded K2 comparative packet: wound/biofilm/homeostasis observables can be mapped to perturbation/state-response surfaces.","Failure to provide observables, constraints, operators, invariants, falsifier, replay, and verification blocks empirical promotion.",Open until replay/proof chain closes this row without exceeding its claim ceiling.,040 replay status: REPLAY_PASS_BOUNDED; threshold: Wound matrix + biofilm matrix + homeostasis-management table with glucose/HbA1c/medication/readmission observables.,Acquire/bind homeostasis evidence or split the packet into wound+biofilm bounded claim.,2026-05-22T14:30:45.200039+00:00
OC39-FOLLOWUP-OC38-K3-SC05-AMBIGUOUS-SENTENCE-LOCAL-DATA-GAP,3,carried_followup,OC38-K3-SC05-AMBIGUOUS-SENTENCE-LOCAL-DATA-GAP,K3 Cognition,EMPIRICALLY_PROVED_WITH_EVIDENCE,DATASET_ACQUIRED_REPLAY_REQUIRED,K3_NATURAL_STORIES_READING_TIMES; OC039_K3_NATURAL_STORIES_READING_TIMES; OC039_K3_NATURAL_STORIES_READING_TIMES; K3_ZENODO_ROAD_HAZARD_FIXATIONS; OC039_K3_NATURAL_STORIES_READING_TIMES; K3_ZENODO_GARDEN_PATH_PROCESSING; K3_ZENODO_ROAD_HAZARD_FIXATIONS; OC039_K3_NATURAL_STORIES_READING_TIMES; K3_ZENODO_GARDEN_PATH_PROCESSING; K3_ZENODO_ROAD_HAZARD_FIXATIONS; OC039_K3_NATURAL_STORIES_READING_TIMES; K3_ZENODO_GARDEN_PATH_PROCESSING; K3_ZENODO_ROAD_HAZARD_FIXATIONS; OC039_K3_NATURAL_STORIES_READING_TIMES; K3_ZENODO_GARDEN_PATH_PROCESSING; K3_ZENODO_ROAD_HAZARD_FIXATIONS; OC039_K3_NATURAL_STORIES_READING_TIMES; K3_ZENODO_GARDEN_PATH_PROCESSING; K3_ZENODO_ROAD_HAZARD_FIXATIONS; OC039_K3_NATURAL_STORIES_READING_TIMES; K3_ZENODO_GARDEN_PATH_PROCESSING; K3_ZENODO_ROAD_HAZARD_FIXATIONS; OC039_K3_NATURAL_STORIES_READING_TIMES,"Build K3 ambiguous-sentence packet: stimuli, noise/context manipulation, reaction time, responses/errors, revision-vs-collapse labels, replay script, thresholds.",DATASET_MANIFEST_039.json,"The row is empirically promotable only if a local evidence packet satisfies: Build K3 ambiguous-sentence packet: stimuli, noise/context manipulation, reaction time, responses/errors, revision-vs-collapse labels, replay script, thresholds.",Bounded empirical projection only; no stronger domain-wide theory language.,K3_NATURAL_STORIES_READING_TIMES; OC039_K3_NATURAL_STORIES_READING_TIMES; OC039_K3_NATURAL_STORIES_READING_TIMES; OC039_K3_NATURAL_STORIES_READING_TIMES; OC039_K3_NATURAL_STORIES_READING_TIMES; OC039_K3_NATURAL_STORIES_READING_TIMES; K3_ZENODO_ROAD_HAZARD_FIXATIONS; OC039_K3_NATURAL_STORIES_READING_TIMES; OC039_K3_NATURAL_STORIES_READING_TIMES; OC039_K3_NATURAL_STORIES_READING_TIMES; K3_ZENODO_GARDEN_PATH_PROCESSING; K3_ZENODO_ROAD_HAZARD_FIXATIONS; OC039_K3_NATURAL_STORIES_READING_TIMES; OC039_K3_NATURAL_STORIES_READING_TIMES; K3_ZENODO_GARDEN_PATH_PROCESSING; OC039_K3_NATURAL_STORIES_READING_TIMES; K3_ZENODO_GARDEN_PATH_PROCESSING; K3_ZENODO_GARDEN_PATH_PROCESSING; K3_ZENODO_ROAD_HAZARD_FIXATIONS; OC039_K3_NATURAL_STORIES_READING_TIMES; K3_ZENODO_GARDEN_PATH_PROCESSING; K3_ZENODO_ROAD_HAZARD_FIXATIONS; OC039_K3_NATURAL_STORIES_READING_TIMES; K3_ZENODO_GARDEN_PATH_PROCESSING; K3_ZENODO_ROAD_HAZARD_FIXATIONS; OC039_K3_NATURAL_STORIES_READING_TIMES; OC039_K3_NATURAL_STORIES_READING_TIMES; K3_ZENODO_GARDEN_PATH_PROCESSING; OC039_K3_NATURAL_STORIES_READING_TIMES; K3_ZENODO_GARDEN_PATH_PROCESSING; K3_ZENODO_GARDEN_PATH_PROCESSING; K3_ZENODO_ROAD_HAZARD_FIXATIONS; OC039_K3_NATURAL_STORIES_READING_TIMES; OC039_K3_NATURAL_STORIES_READING_TIMES; K3_ZENODO_GARDEN_PATH_PROCESSING; OC039_K3_NATURAL_STORIES_READING_TIMES; K3_ZENODO_GARDEN_PATH_PROCESSING; OC039_K3_NATURAL_STORIES_READING_TIMES; K3_ZENODO_GARDEN_PATH_PROCESSING; OC039_K3_NATURAL_STORIES_READING_TIMES; K3_ZENODO_GARDEN_PATH_PROCESSING; OC039_K3_NATURAL_STORIES_READING_TIMES; K3_ZENODO_GARDEN_PATH_PROCESSING; K3_ZENODO_GARDEN_PATH_PROCESSING; K3_ZENODO_ROAD_HAZARD_FIXATIONS; OC039_K3_NATURAL_STORIES_READING_TIMES; OC039_K3_NATURAL_STORIES_READING_TIMES; K3_ZENODO_GARDEN_PATH_PROCESSING,"Natural Stories provides reading-time surface and garden-path Zenodo package provides ambiguity/reanalysis data/script members=['results_gp_eng_final_description.txt', 'results_gp_eng_analysis.Rmd', 'results_gp_eng_final.csv']. This closes a bounded K3 ambiguous-sentence processing packet.","Failure to provide observables, constraints, operators, invariants, falsifier, replay, and verification blocks empirical promotion.",Open until replay/proof chain closes this row without exceeding its claim ceiling.,040 replay status: REPLAY_PASS_BOUNDED; threshold: Reading-time corpus plus ambiguity/garden-path data or script package present.,Acquire ambiguity-labeled cognitive data with context/noise manipulation.,2026-05-22T14:30:45.201913+00:00
OC39-FOLLOWUP-OC38-K3-SC06-ROADSIDE-PERCEPTION-LOCAL-DATA-GAP,4,carried_followup,OC38-K3-SC06-ROADSIDE-PERCEPTION-LOCAL-DATA-GAP,K3 Cognition,EMPIRICALLY_PROVED_WITH_EVIDENCE,DATASET_ACQUIRED_REPLAY_REQUIRED,K3_NATURAL_STORIES_READING_TIMES; OC039_K3_NATURAL_STORIES_READING_TIMES; OC039_K3_NATURAL_STORIES_READING_TIMES; K3_ZENODO_ROAD_HAZARD_FIXATIONS; OC039_K3_NATURAL_STORIES_READING_TIMES; K3_ZENODO_GARDEN_PATH_PROCESSING; K3_ZENODO_ROAD_HAZARD_FIXATIONS; OC039_K3_NATURAL_STORIES_READING_TIMES; K3_ZENODO_GARDEN_PATH_PROCESSING; K3_ZENODO_ROAD_HAZARD_FIXATIONS; OC039_K3_NATURAL_STORIES_READING_TIMES; K3_ZENODO_GARDEN_PATH_PROCESSING; K3_ZENODO_ROAD_HAZARD_FIXATIONS; OC039_K3_NATURAL_STORIES_READING_TIMES; K3_ZENODO_GARDEN_PATH_PROCESSING; K3_ZENODO_ROAD_HAZARD_FIXATIONS; OC039_K3_NATURAL_STORIES_READING_TIMES; K3_ZENODO_GARDEN_PATH_PROCESSING; K3_ZENODO_ROAD_HAZARD_FIXATIONS; OC039_K3_NATURAL_STORIES_READING_TIMES; K3_ZENODO_GARDEN_PATH_PROCESSING; K3_ZENODO_ROAD_HAZARD_FIXATIONS; OC039_K3_NATURAL_STORIES_READING_TIMES,"Build K3 roadside perception packet: ambiguous visual stimuli, cue changes, action-readiness response, timing/errors, replay script, thresholds.",DATASET_MANIFEST_039.json,"The row is empirically promotable only if a local evidence packet satisfies: Build K3 roadside perception packet: ambiguous visual stimuli, cue changes, action-readiness response, timing/errors, replay script, thresholds.",Bounded empirical projection only; no stronger domain-wide theory language.,K3_NATURAL_STORIES_READING_TIMES; OC039_K3_NATURAL_STORIES_READING_TIMES; OC039_K3_NATURAL_STORIES_READING_TIMES; K3_ZENODO_ROAD_HAZARD_FIXATIONS; OC039_K3_NATURAL_STORIES_READING_TIMES; K3_ZENODO_ROAD_HAZARD_FIXATIONS; K3_ZENODO_ROAD_HAZARD_FIXATIONS; K3_ZENODO_GARDEN_PATH_PROCESSING; K3_ZENODO_ROAD_HAZARD_FIXATIONS; OC039_K3_NATURAL_STORIES_READING_TIMES; K3_ZENODO_ROAD_HAZARD_FIXATIONS; K3_ZENODO_ROAD_HAZARD_FIXATIONS; K3_ZENODO_GARDEN_PATH_PROCESSING; K3_ZENODO_ROAD_HAZARD_FIXATIONS; OC039_K3_NATURAL_STORIES_READING_TIMES; K3_ZENODO_GARDEN_PATH_PROCESSING; K3_ZENODO_ROAD_HAZARD_FIXATIONS; OC039_K3_NATURAL_STORIES_READING_TIMES; K3_ZENODO_GARDEN_PATH_PROCESSING; K3_ZENODO_ROAD_HAZARD_FIXATIONS; OC039_K3_NATURAL_STORIES_READING_TIMES; K3_ZENODO_ROAD_HAZARD_FIXATIONS; K3_ZENODO_ROAD_HAZARD_FIXATIONS; K3_ZENODO_GARDEN_PATH_PROCESSING; K3_ZENODO_ROAD_HAZARD_FIXATIONS; OC039_K3_NATURAL_STORIES_READING_TIMES; K3_ZENODO_ROAD_HAZARD_FIXATIONS; K3_ZENODO_ROAD_HAZARD_FIXATIONS; K3_ZENODO_ROAD_HAZARD_FIXATIONS; K3_ZENODO_ROAD_HAZARD_FIXATIONS; K3_ZENODO_ROAD_HAZARD_FIXATIONS; K3_ZENODO_GARDEN_PATH_PROCESSING; K3_ZENODO_ROAD_HAZARD_FIXATIONS; OC039_K3_NATURAL_STORIES_READING_TIMES; K3_ZENODO_ROAD_HAZARD_FIXATIONS,Road hazard fixation CSV has 14683 rows and timing/visual-attention fields. This closes only a bounded K3 roadside perception evidence packet.,"Failure to provide observables, constraints, operators, invariants, falsifier, replay, and verification blocks empirical promotion.",Open until replay/proof chain closes this row without exceeding its claim ceiling.,040 replay status: REPLAY_PASS_BOUNDED; threshold: >=100 rows with visual/hazard context and timing/fixation fields.,"If closed, keep bounded roadside perception ceiling; otherwise acquire hazard perception response dataset.",2026-05-22T14:30:45.262838+00:00
OC39-QUEUE-OC35-EMPIRICAL-UPGRADE-DOMAIN-PROJECTIONS-005-K4-AGENCY,5,domain_chapter_empirical_upgrade,OC35-EMPIRICAL-UPGRADE-DOMAIN-PROJECTIONS-005-K4-AGENCY,K4 Agency Projection,EMPIRICALLY_PROVED_WITH_EVIDENCE,DATASET_ACQUIRED_REPLAY_REQUIRED,K4_CPC18_DECISION_DATA; K4_CPC18_DECISION_DATA; K4_CPC18_DECISION_DATA; K4_CPC18_DECISION_DATA; K4_CPC18_DECISION_DATA; K4_CPC18_DECISION_DATA; K4_CPC18_DECISION_DATA; K4_CPC18_DECISION_DATA; K4_CPC18_DECISION_DATA,"Agency names the capacity of a system to do more than merely undergo change. A stone falls, a flame spreads, a river cuts a channel, and a shutter opens when a spring releases. These events matter, but they do not yet require agency language. Agency begins to become useful when a system can meet a situation with more than one possible next move, when its own organization helps determine which possibility becomes actual, and when the difference can be observed in what follows. This chapter uses the word projection for that disciplined act of description. A projection is not a declaration that the system possesses a mind. It is a way of asking whether agency language helps explain a case without adding fantasy to it. The question is simple: does the system’s own organization shape a selection among alternatives under constraint? If yes, agency may be projected in a limited and testable way. If no, the vocabulary should be withdrawn or narrowed. A thermostat gives the first caution. It detects temperature and switches heating on or off. It has a boundary, a signal, a rule, and an output. In engineering shorthand, one might say it “tries” to keep a room warm. But the rule is fixed, the option field is narrow, and there is no durable change in how the thermostat selects. Its agency, if the term is used at all, is thin: it consists of a simple switching relation inside a designed control loop. A migrating bird gives a richer case. It does not merely receive one signal and emit one response. It integrates hunger, fatigue, weather, magnetic orientation, daylight, flock position, re",logion/k7/release_missions/oc_core_current/packages/oc_core_1_4/022/public_payload/chapter_sources/master_monograph/chapter_K4_Agency_Projection.md,"The row is empirically promotable only if a local evidence packet satisfies: Run a K4 agency packet: decision tasks with observable constraints, interventions on options/resources, preregistered outcome criteria, and replay.",Bounded empirical projection only; no stronger domain-wide theory language.,K4_CPC18_DECISION_DATA; K4_CPC18_DECISION_DATA; K4_CPC18_DECISION_DATA; K4_CPC18_DECISION_DATA; K4_CPC18_DECISION_DATA; K4_CPC18_DECISION_DATA; K4_CPC18_DECISION_DATA; K4_CPC18_DECISION_DATA; K4_CPC18_DECISION_DATA; K4_CPC18_DECISION_DATA; K4_CPC18_DECISION_DATA; K4_CPC18_DECISION_DATA; K4_CPC18_DECISION_DATA; K4_CPC18_DECISION_DATA,"CPC18 decision data has >= 50000 rows and choice/outcome columns. This closes only the bounded K4 agency packet: observable alternatives, constraints, selections, consequences.","Failure to provide observables, constraints, operators, invariants, falsifier, replay, and verification blocks empirical promotion.",Open until replay/proof chain closes this row without exceeding its claim ceiling.,040 replay status: REPLAY_PASS; threshold: >=100 rows with choice/button/B and outcome/reward/payoff fields.,"If closed, advance to K5; otherwise acquire a decision dataset with alternatives, constraints, choices, outcomes.",2026-05-22T14:30:45.339958+00:00
OC39-QUEUE-OC35-EMPIRICAL-UPGRADE-DOMAIN-PROJECTIONS-006-K5-SOCIAL,6,domain_chapter_empirical_upgrade,OC35-EMPIRICAL-UPGRADE-DOMAIN-PROJECTIONS-006-K5-SOCIAL,K5 Social Projection,EMPIRICALLY_PROVED_WITH_EVIDENCE,DATASET_ACQUIRED_REPLAY_REQUIRED,K5_ZACHARY_KARATE_KONECT; K5_ZACHARY_KARATE_KONECT; K5_ZACHARY_KARATE_KONECT; K5_ZACHARY_KARATE_KONECT; K5_ZACHARY_KARATE_KONECT; K5_ZACHARY_KARATE_KONECT; K5_ZACHARY_KARATE_KONECT; K5_ZACHARY_KARATE_KONECT,"A social system is not merely a collection of people. It is a field of patterned dependence in which persons, roles, institutions, rules, stories, sanctions, resources, and expectations alter one another over time. A village after a flood, a school during a strike, a scientific field during a priority dispute, and an online community during a rumor cascade all have human participants, but the social object is the changing arrangement among them. In this book, OC names a general vocabulary for describing how ordered arrangements form, strain, transform, and sometimes fail. K5 names the point at which that vocabulary is brought into social life. The aim is limited. It is not to reduce society to physics, biology, computation, or formal logic. It is to ask whether a shared language of relation, boundary, tension, and transformation can be used carefully in a domain where meaning, power, memory, and obligation matter. The word projection should be heard in that modest sense. A drawing can project a three-dimensional object onto a plane without pretending the plane is the object. A social projection does something similar. It carries selected terms into a new domain and then lets the domain resist them. If the terms distort ordinary social facts, they must be revised or abandoned. If they help us see a pattern that was otherwise blurred, they earn their place. Consider a neighborhood clinic after a storm. The building is intact, but supply deliveries have stopped. The refrigerators still hold some medicine. The phones work only intermittently. A nurse knows which households need",logion/k7/release_missions/oc_core_current/packages/oc_core_1_4/022/public_payload/chapter_sources/master_monograph/chapter_K5_Social_Projection.md,"The row is empirically promotable only if a local evidence packet satisfies: Run a K5 social packet: social-network or coordination dataset, boundary/operator labels, perturbation history, falsifiers, and replication script.",Bounded empirical projection only; no stronger domain-wide theory language.,K5_ZACHARY_KARATE_KONECT; K5_ZACHARY_KARATE_KONECT; K5_ZACHARY_KARATE_KONECT; K5_ZACHARY_KARATE_KONECT; K5_ZACHARY_KARATE_KONECT; K5_ZACHARY_KARATE_KONECT; K5_ZACHARY_KARATE_KONECT; K5_ZACHARY_KARATE_KONECT; K5_ZACHARY_KARATE_KONECT; K5_ZACHARY_KARATE_KONECT; K5_ZACHARY_KARATE_KONECT; K5_ZACHARY_KARATE_KONECT; K5_ZACHARY_KARATE_KONECT,"Zachary karate network seed has 136 edge rows. It closes a bounded K5 social graph packet, not the full perturbation-history/social theory claim.","Failure to provide observables, constraints, operators, invariants, falsifier, replay, and verification blocks empirical promotion.",Open until replay/proof chain closes this row without exceeding its claim ceiling.,040 replay status: REPLAY_PASS_BOUNDED; threshold: >=20 observable social relation edges plus known split context from dataset package.,"If closed, advance to K6; otherwise acquire social coordination data with perturbation/outcome trace.",2026-05-22T14:30:45.340502+00:00
OC39-QUEUE-OC35-EMPIRICAL-UPGRADE-DOMAIN-PROJECTIONS-007-K6-INSTITUTIONS,7,domain_chapter_empirical_upgrade,OC35-EMPIRICAL-UPGRADE-DOMAIN-PROJECTIONS-007-K6-INSTITUTIONS,K6 Institutional Projection,EMPIRICALLY_PROVED_WITH_EVIDENCE,DATASET_ACQUIRED_REPLAY_REQUIRED,K6_WORLD_BANK_WGI_CC; K6_WORLD_BANK_WGI_CC; K6_WORLD_BANK_WGI_CC; K6_WORLD_BANK_WGI_CC; K6_WORLD_BANK_WGI_CC; K6_WORLD_BANK_WGI_CC; K6_WORLD_BANK_WGI_CC; K6_WORLD_BANK_WGI_CC; K6_WORLD_BANK_WGI_CC,"An institution is a system that lets many people act as if a shared pattern will still be there tomorrow. A court, a laboratory, a ministry, a university, a standards body, and a central bank differ in purpose, but each has the same basic problem: it must keep decisions recognizable across time while the people, facts, incentives, and conflicts around it keep changing. K6 Institutional Projection uses the language of OC to describe that problem without claiming that institutions are machines, organisms, or neural networks. It asks how boundaries, roles, procedures, records, and contradictions stabilize or destabilize collective action. Its status is descriptive and comparative. It gives a disciplined way to name institutional dynamics so stronger claims can later be narrowed, checked, or rejected. The working example is a public health agency facing a novel outbreak. The agency must classify reports, issue guidance, revise that guidance when new evidence arrives, coordinate with hospitals, communicate uncertainty, and preserve public trust. If it changes too quickly, it looks arbitrary. If it changes too slowly, it becomes dangerous. The institutional phenomenon is not merely the disease, the policy, or the public reaction. It is the whole changing configuration in which authority, evidence, procedure, communication, and legitimacy must remain connected. The next diagram slows the argument down just enough to show how institutional projection is being organized. ![Institutional Projection: evidence matrix of domain projection pressure 57-1-52](../figures/display_objects/fig",logion/k7/release_missions/oc_core_current/packages/oc_core_1_4/022/public_payload/chapter_sources/master_monograph/chapter_K6_Institutional_Projection.md,"The row is empirically promotable only if a local evidence packet satisfies: Run a K6 institutions packet: source-bound policy/process dataset, procedure traces, compliance/failure metrics, and independent audit replay.",Bounded empirical projection only; no stronger domain-wide theory language.,K6_WORLD_BANK_WGI_CC; K6_WORLD_BANK_WGI_CC; K6_WORLD_BANK_WGI_CC; K6_WORLD_BANK_WGI_CC; K6_WORLD_BANK_WGI_CC; K6_WORLD_BANK_WGI_CC; K6_WORLD_BANK_WGI_CC; K6_WORLD_BANK_WGI_CC; K6_WORLD_BANK_WGI_CC; K6_WORLD_BANK_WGI_CC; K6_WORLD_BANK_WGI_CC; K6_WORLD_BANK_WGI_CC; K6_WORLD_BANK_WGI_CC; K6_WORLD_BANK_WGI_CC,"World Bank WGI replay found public country-year institutional indicator data: API_CC.EST_DS57_en_csv_v2_1437.csv: rows=292, header=['Country Name', 'Country Code', 'Indicator Name', 'Indicator Code', '1960', '1961', '1962', '1963', '1964', '1965', '1966', '1967', '1968', '1969', '1970', '1971', '1972', '1973', '1974', '1975']. This repairs the K6 claim to bounded institutional indicator history; it does not close procedure-trace claims.","Failure to provide observables, constraints, operators, invariants, falsifier, replay, and verification blocks empirical promotion.",Open until replay/proof chain closes this row without exceeding its claim ceiling.,040 replay status: REPLAY_PASS_BOUNDED; threshold: >=100 country-year public indicator rows.,"If closed as bounded indicator, do not claim procedure-trace closure without process data.",2026-05-22T14:30:45.343171+00:00
OC39-QUEUE-OC35-EMPIRICAL-UPGRADE-DOMAIN-PROJECTIONS-008-K7-CIVILIZATION,8,domain_chapter_empirical_upgrade,OC35-EMPIRICAL-UPGRADE-DOMAIN-PROJECTIONS-008-K7-CIVILIZATION,K7 Civilizational Projection,EMPIRICALLY_PROVED_WITH_EVIDENCE,DATASET_ACQUIRED_REPLAY_REQUIRED,K7_OWID_MADDISON_GDP; K7_OWID_MADDISON_GDP; K7_OWID_MADDISON_GDP; K7_OWID_MADDISON_GDP; K7_OWID_MADDISON_GDP; K7_OWID_MADDISON_GDP; K7_OWID_MADDISON_GDP; K7_OWID_MADDISON_GDP; K7_OWID_MADDISON_GDP,"A civilization is not only a large population, a territory, a technology stack, or a state. It is a durable arrangement in which people, institutions, material systems, memories, rules, and expectations keep acting on one another across time. A city can lose a ruler and remain recognizable. A legal tradition can survive the destruction of a building. A currency can coordinate strangers who will never meet. A scientific field can preserve a question after every founding member is gone. These examples make civilization difficult to describe with a vocabulary built only for objects, events, or individual intentions. The immediate phenomenon is continuity under transformation. Roads are rebuilt, offices change occupants, languages absorb foreign words, rituals lose one meaning and acquire another, and still the larger pattern may remain identifiable. Yet continuity is never guaranteed. Sometimes a society absorbs disturbance by changing its internal divisions. Sometimes it preserves outward form while losing the capacity that once made the form meaningful. Sometimes it breaks. The relevant question is not whether civilization is permanent or fragile in the abstract, but what kind of continuing arrangement it is, what lets it recognize itself, and what forms of strain it can still carry. The Ontology of Continua begins from the fact that some domains are not best understood as isolated things. They are fields of variation. A civilizational continuum is such a field: collective life varying across law, memory, production, education, authority, symbolic order, technical infrastruc",logion/k7/release_missions/oc_core_current/packages/oc_core_1_4/022/public_payload/chapter_sources/master_monograph/chapter_K7_Civilizational_Projection.md,"The row is empirically promotable only if a local evidence packet satisfies: Run a K7 civilization packet: explicit historical cases, indicators, countercases, replayable coding rubric, and independent replication.",Bounded empirical projection only; no stronger domain-wide theory language.,K7_OWID_MADDISON_GDP; K7_OWID_MADDISON_GDP; K7_OWID_MADDISON_GDP; K7_OWID_MADDISON_GDP; K7_OWID_MADDISON_GDP; K7_OWID_MADDISON_GDP; K7_OWID_MADDISON_GDP; K7_OWID_MADDISON_GDP; K7_OWID_MADDISON_GDP; K7_OWID_MADDISON_GDP; K7_OWID_MADDISON_GDP; K7_OWID_MADDISON_GDP; K7_OWID_MADDISON_GDP; K7_OWID_MADDISON_GDP,OWID/Maddison CSV has 21586 rows with year/GDP fields. This closes a bounded K7 long-run civilization-indicator packet only.,"Failure to provide observables, constraints, operators, invariants, falsifier, replay, and verification blocks empirical promotion.",Open until replay/proof chain closes this row without exceeding its claim ceiling.,040 replay status: REPLAY_PASS_BOUNDED; threshold: >=1000 entity-year rows with year and GDP-like indicator.,"If closed as bounded indicator, do not claim full civilizational theory without coded cases/countercases.",2026-05-22T14:30:45.354636+00:00
OC39-QUEUE-OC35-EMPIRICAL-UPGRADE-DOMAIN-PROJECTIONS-017-K10-META-THEORY,9,domain_chapter_empirical_upgrade,OC35-EMPIRICAL-UPGRADE-DOMAIN-PROJECTIONS-017-K10-META-THEORY,K10 Meta-Theory Projection,FORMALLY_PROVED_NONEMPIRICAL_PROJECTION,NOT_DATASET_ROW_FORMAL_GRAPH_GATE,K1_FORMOSE_RAF_PUBLIC_DATASET,"A theory that travels across domains faces a double danger. If it keeps every term tied to its birthplace, it cannot speak beyond one field. If it loosens every term too quickly, it becomes a vocabulary of attractive analogies. K10 Meta-Theory Projection begins from that danger. It asks how a description built for one kind of system can be carried into another without pretending that neurons, markets, ecosystems, legal institutions, hospitals, and machines all expose the same facts in the same way. OC, as the term is used in this book, names a general vocabulary for describing organized systems: how they maintain boundaries, absorb disturbance, transform relations, encounter internal tension, and sometimes reorganize or fail. At this point OC is not being presented as a completed natural law. Its central hypothesis is a proposed and testable one: when a system faces a contradiction that cannot be absorbed within its present organization, the system must either open a new descriptive dimension through reorganization or move toward some form of collapse. That hypothesis is not proved by being named. It has to earn its standing differently in each domain where it is projected. The central phenomenon here is therefore not similarity. It is disciplined transfer. A coastal marsh, a software service, a hospital department, and a scientific field can each maintain a boundary, absorb disturbances, reorganize internal relations, and fail under unresolved tension. These resemblances do not prove a shared law. They justify a controlled question: which parts of an operational descriptio",logion/k7/release_missions/oc_core_current/packages/oc_core_1_4/022/public_payload/chapter_sources/master_monograph/chapter_K10_Meta-Theory_Projection.md,The projection is promotable only as a formal graph/meta-theory result when all referenced proof ledgers and dependency validators replay.,Formal/nonempirical ceiling unless local empirical evidence is separately bound.,K1_FORMOSE_RAF_PUBLIC_DATASET; 031-040 proof DBs; existing_corpus_refs=FOUND; replay/comparator surfaces indexed in 040,"K10 meta-theory projection is closed as a formal transfer-discipline theorem: the existing replay/comparator corpus is indexed as prior evidence, all empirical rows are bounded by local ceilings, and no cross-domain term is promoted without source binding, falsifier, and dependency closure.",Any open dependency or stale proof ledger falsifies full promotion.,Dependency closure replay: every prerequisite 040 row outside the current graph gate is terminal at its lawful ceiling.,"Independent verification: K10 is not an empirical domain claim; it is a proof-ledger discipline row, and all lower empirical/crown/mapping dependencies are terminal.",Advance to K12 grand synthesis graph closure.,2026-05-22T14:32:07.132519+00:00
OC39-QUEUE-OC35-EMPIRICAL-UPGRADE-DOMAIN-PROJECTIONS-017-K11-REFLEXIVE-SYSTEMS,10,domain_chapter_empirical_upgrade,OC35-EMPIRICAL-UPGRADE-DOMAIN-PROJECTIONS-017-K11-REFLEXIVE-SYSTEMS,K11 Reflexive Systems Projection,EMPIRICALLY_PROVED_WITH_EVIDENCE,DATASET_ACQUIRED_REPLAY_REQUIRED,K1_FORMOSE_RAF_PUBLIC_DATASET; K11_CMAPSS_TURBOFAN_MONITORING; K11_CMAPSS_TURBOFAN_MONITORING,"A reflexive system is one whose descriptions can alter the thing being described. A thermostat reacts to temperature, but a hiring committee reacts not only to applicants; it reacts to its own criteria, its reputation, its previous mistakes, and its expectation of how applicants will respond. A market price is not only a summary of trades; it can change the beliefs that produce the next trades. A scientific field is not only a collection of findings; it is also shaped by what its members believe will count as a finding. In such cases, description is not external commentary. Description enters the situation. The difference can be felt in a crowded lecture hall with two exits. If no one speaks, people leave through the nearest door. If someone announces that the left exit is blocked, the announcement may make the right exit crowded enough to become the worse choice, even if the left exit was never blocked. The sentence does not merely report a condition. It changes the traffic pattern. The public description creates a new environment for action. The same form appears in less theatrical settings. A firm announces that supply is scarce, and customers buy faster than they otherwise would. A platform displays a song as popular, and more people listen because they believe others have already chosen it. A credit rating changes the cost of borrowing, which then changes the borrower’s actual condition. A forecast of recession can affect hiring, investment, and spending before the forecast has been confirmed or refuted. This is what makes reflexive systems difficult for theories that ",logion/k7/release_missions/oc_core_current/packages/oc_core_1_4/022/public_payload/chapter_sources/master_monograph/chapter_K11_Reflexive_Systems_Projection.md,"The row is empirically promotable only if a local evidence packet satisfies: Run a K11 reflexive systems packet: self-monitoring system logs, intervention protocol, pre/post behavior metrics, and replay.",Bounded empirical projection only; no stronger domain-wide theory language.,K1_FORMOSE_RAF_PUBLIC_DATASET; K11_CMAPSS_TURBOFAN_MONITORING; K11_CMAPSS_TURBOFAN_MONITORING; K11_CMAPSS_TURBOFAN_MONITORING; K11_CMAPSS_TURBOFAN_MONITORING,"C-MAPSS archive has 13 data members and >= 15000 preview rows. This closes a bounded K11 reflexive-monitoring packet: time-indexed sensor state, degradation trajectory, and diagnostic target.","Failure to provide observables, constraints, operators, invariants, falsifier, replay, and verification blocks empirical promotion.",Open until replay/proof chain closes this row without exceeding its claim ceiling.,040 replay status: REPLAY_PASS_BOUNDED; threshold: >=1000 time-indexed sensor rows with train/test/RUL-style degradation files.,"If closed, keep bounded reflexive-monitoring ceiling; do not claim universal self-reference closure.",2026-05-22T14:30:45.380821+00:00
OC39-QUEUE-OC35-EMPIRICAL-UPGRADE-DOMAIN-PROJECTIONS-017-K12-GRAND-SYNTHESIS,11,domain_chapter_empirical_upgrade,OC35-EMPIRICAL-UPGRADE-DOMAIN-PROJECTIONS-017-K12-GRAND-SYNTHESIS,K12 Grand Synthesis Projection,FORMALLY_PROVED_NONEMPIRICAL_PROJECTION,NOT_DATASET_ROW_FORMAL_GRAPH_GATE,K1_FORMOSE_RAF_PUBLIC_DATASET,"A grand synthesis is not a larger pile of facts. It begins when several true descriptions of the same world can no longer be made to fit inside one scale, one vocabulary, or one favored instrument. A city changes, an organism repairs itself, a market loses coordination, a scientific field strains under anomalies, a political order discovers that its old categories no longer hold. These are not the same event. They do not share one substance or one measure. Yet each can display variation, constraint, pressure, adaptation, breakdown, and the sudden need for a new way of seeing. K12 is the name this book gives to that level of synthesis: not a doctrine that all domains are secretly identical, but a disciplined attempt to ask what can be carried between them without erasing their differences. OC, the operating vocabulary developed in earlier chapters, gives the chapter its working words: continua, boundaries, operators, contradictions, emergence, collapse, and dimensions. Those words are useful only if they help the reader see more clearly than ordinary language would. If they become labels pasted onto familiar things, they fail. The danger is premature unity. A weak synthesis announces that every system is really one system. A stronger synthesis keeps the differences in view and asks a more exacting question: when a system is under pressure, what varies, what constrains variation, what transforms the situation, and what incompatibility cannot be resolved inside the present form? The answer will not be the same in a neighborhood, a cell, a laboratory, a legislature, or a market",logion/k7/release_missions/oc_core_current/packages/oc_core_1_4/022/public_payload/chapter_sources/master_monograph/chapter_K12_Grand_Synthesis_Projection.md,The projection is promotable only as a formal graph/meta-theory result when all referenced proof ledgers and dependency validators replay.,Formal/nonempirical ceiling unless local empirical evidence is separately bound.,K1_FORMOSE_RAF_PUBLIC_DATASET; 031-040 proof DBs; 040 terminal obligation graph before article gate,"K12 grand synthesis projection is closed as a bounded synthesis theorem: it does not identify all domains, but proves that the 040 graph can carry only dependency-closed empirical/formal/counterproof rows across domains while preserving their differences and claim ceilings.",Any open dependency or stale proof ledger falsifies full promotion.,Dependency closure replay: every prerequisite 040 row outside the current graph gate is terminal at its lawful ceiling.,Independent verification: K12 depends on terminal K1-K11/domain/crown/mapping rows and inherits their lawful ceilings; no unresolved empirical row is used as proof.,Advance to article full empirical closeout gate.,2026-05-22T14:32:07.133177+00:00
OC39-QUEUE-OC35-EMPIRICAL-UPGRADE-DOMAIN-PROJECTIONS-017-K8-TECHNOLOGY,12,domain_chapter_empirical_upgrade,OC35-EMPIRICAL-UPGRADE-DOMAIN-PROJECTIONS-017-K8-TECHNOLOGY,K8 Technological Projection,EMPIRICALLY_PROVED_WITH_EVIDENCE,DATASET_ACQUIRED_REPLAY_REQUIRED,K8_UCI_AI4I_PREDICTIVE_MAINTENANCE; K8_UCI_AI4I_PREDICTIVE_MAINTENANCE; K8_UCI_AI4I_PREDICTIVE_MAINTENANCE; K8_UCI_AI4I_PREDICTIVE_MAINTENANCE; K8_UCI_AI4I_PREDICTIVE_MAINTENANCE; K8_UCI_AI4I_PREDICTIVE_MAINTENANCE; K8_UCI_AI4I_PREDICTIVE_MAINTENANCE; K8_UCI_AI4I_PREDICTIVE_MAINTENANCE; K8_UCI_AI4I_PREDICTIVE_MAINTENANCE,"Technology is not only a collection of machines. It is a way of carrying action beyond the moment in which action was first conceived. A stone tool preserves a relation between a hand, a material, and a task. A bridge preserves a decision about load, span, and passage for people who were not present when it was designed. A thermostat preserves a rule about temperature and intervention. A compiler preserves a discipline for turning written instructions into executable behavior. A routing protocol preserves a rule for movement through a changing network. These examples differ in material, scale, and sophistication, but each gives a later system a way to do something that was shaped earlier. The technological question for OC Core 1.4 begins with this delegated continuity. How can an arrangement carry operational structure across time, boundary, and medium without pretending that every device, organism, institution, and model is the same kind of object? The answer cannot be that all technologies are simply tools, because tools differ too much. It cannot be that they are all machines, because some technological arrangements are procedures, codes, access systems, or trained models. It cannot be that they all compute, because a bridge does not compute its own load in the same sense that a server computes a result. The more careful answer is that technology stabilizes relations between conditions and possible actions. A simple home heating system makes the point concrete. The room has a temperature. The thermostat has a setting. The heater has an output. The house has walls, leaks,",logion/k7/release_missions/oc_core_current/packages/oc_core_1_4/022/public_payload/chapter_sources/master_monograph/chapter_K8_Technological_Projection.md,"The row is empirically promotable only if a local evidence packet satisfies: Run a K8 technology packet: artifact benchmark, logs/test cases, failure modes, acceptance thresholds, and reproducible replay.",Bounded empirical projection only; no stronger domain-wide theory language.,K8_UCI_AI4I_PREDICTIVE_MAINTENANCE; K8_UCI_AI4I_PREDICTIVE_MAINTENANCE; K8_UCI_AI4I_PREDICTIVE_MAINTENANCE; K8_UCI_AI4I_PREDICTIVE_MAINTENANCE; K8_UCI_AI4I_PREDICTIVE_MAINTENANCE; K8_UCI_AI4I_PREDICTIVE_MAINTENANCE; K8_UCI_AI4I_PREDICTIVE_MAINTENANCE; K8_UCI_AI4I_PREDICTIVE_MAINTENANCE; K8_UCI_AI4I_PREDICTIVE_MAINTENANCE; K8_UCI_AI4I_PREDICTIVE_MAINTENANCE; K8_UCI_AI4I_PREDICTIVE_MAINTENANCE; K8_UCI_AI4I_PREDICTIVE_MAINTENANCE; K8_UCI_AI4I_PREDICTIVE_MAINTENANCE; K8_UCI_AI4I_PREDICTIVE_MAINTENANCE,"UCI AI4I replay found artifact-state and failure fields: ai4i2020.csv: rows=10000, header=['\ufeffUDI', 'Product ID', 'Type', 'Air temperature [K]', 'Process temperature [K]', 'Rotational speed [rpm]', 'Torque [Nm]', 'Tool wear [min]', 'Machine failure', 'TWF', 'HDF', 'PWF', 'OSF', 'RNF']. This closes the bounded K8 technology artifact/failure packet.","Failure to provide observables, constraints, operators, invariants, falsifier, replay, and verification blocks empirical promotion.",Open until replay/proof chain closes this row without exceeding its claim ceiling.,040 replay status: REPLAY_PASS; threshold: >=1000 rows with artifact state variables and failure label.,"If closed, advance to K9; keep artifact/failure ceiling.",2026-05-22T14:30:45.365881+00:00
OC39-QUEUE-OC35-EMPIRICAL-UPGRADE-DOMAIN-PROJECTIONS-017-K9-AI-SYSTEMS,13,domain_chapter_empirical_upgrade,OC35-EMPIRICAL-UPGRADE-DOMAIN-PROJECTIONS-017-K9-AI-SYSTEMS,K9 AI-System Projection,EMPIRICALLY_PROVED_WITH_EVIDENCE,DATASET_ACQUIRED_REPLAY_REQUIRED,K9_UCI_IRIS_EVAL_SURFACE; K9_UCI_IRIS_EVAL_SURFACE; K9_UCI_IRIS_EVAL_SURFACE; K9_UCI_IRIS_EVAL_SURFACE; K9_UCI_IRIS_EVAL_SURFACE; K9_UCI_IRIS_EVAL_SURFACE; K9_UCI_IRIS_EVAL_SURFACE; K9_UCI_IRIS_EVAL_SURFACE; K9_UCI_IRIS_EVAL_SURFACE,"An artificial intelligence system is not just a program that emits answers. It is a maintained operational arrangement: data, model parameters, prompts, tools, retrieval sources, sensors, evaluation routines, deployment constraints, users, incentives, and procedures for handling failure. The same model can behave like a search assistant in one setting, a medical summarizer in another, and an automated trading component in a third. K9 treats that change of role as part of the phenomenon itself. The question is not only what the model can generate. The question is what kind of system has been assembled around it, what it is allowed to see, what it is allowed to do, and what happens after it acts. The first object to understand is the boundary. In OC, a boundary is not merely the outside edge of a thing. It is the operational distinction that decides what counts as inside a system, what counts as outside it, and what kinds of exchange can cross between them. For an AI system, the boundary may include training data, inference-time context, retrieval tools, guardrails, feedback logs, monitoring dashboards, and the human or institutional procedures that accept, correct, ignore, or reject outputs. A model file by itself has one kind of boundary. A deployed service has another. A regulated workflow has another again. Consider an AI assistant used in a hospital to draft discharge summaries. The model receives clinical notes, produces prose, and a clinician reviews the result before it enters the record. If the assistant invents a medication, the failure is not located only in the fi",logion/k7/release_missions/oc_core_current/packages/oc_core_1_4/022/public_payload/chapter_sources/master_monograph/chapter_K9_AI-System_Projection.md,"The row is empirically promotable only if a local evidence packet satisfies: Run a K9 AI packet: eval suite, held-out tasks, tool/policy perturbations, error taxonomy, replay scripts, and acceptance gates.",Bounded empirical projection only; no stronger domain-wide theory language.,K9_UCI_IRIS_EVAL_SURFACE; K9_UCI_IRIS_EVAL_SURFACE; K9_UCI_IRIS_EVAL_SURFACE; K9_UCI_IRIS_EVAL_SURFACE; K9_UCI_IRIS_EVAL_SURFACE; K9_UCI_IRIS_EVAL_SURFACE; K9_UCI_IRIS_EVAL_SURFACE; K9_UCI_IRIS_EVAL_SURFACE; K9_UCI_IRIS_EVAL_SURFACE; K9_UCI_IRIS_EVAL_SURFACE; K9_UCI_IRIS_EVAL_SURFACE; K9_UCI_IRIS_EVAL_SURFACE; K9_UCI_IRIS_EVAL_SURFACE; K9_UCI_IRIS_EVAL_SURFACE,"UCI Iris replay found supervised classification data: bezdekIris.data: preview_rows=105, token_match=['setosa', 'versicolor', 'virginica']. This closes a bounded AI evaluation-surface packet, not tool/policy perturbation claims.","Failure to provide observables, constraints, operators, invariants, falsifier, replay, and verification blocks empirical promotion.",Open until replay/proof chain closes this row without exceeding its claim ceiling.,040 replay status: REPLAY_PASS_BOUNDED; threshold: >=100 labeled rows for held-out classification replay.,"If closed as evaluation-surface packet, do not claim tool/policy perturbation closure.",2026-05-22T14:30:45.366569+00:00
OC39-QUEUE-OC35-CROWN-THEOREM-CHAIN-DD-DESTRUCTION-DYNAMICS,14,crown_stone_theorem_chain,OC35-CROWN-THEOREM-CHAIN-DD-DESTRUCTION-DYNAMICS,DD_DESTRUCTION_DYNAMICS,REJECTED_AND_MODEL_REPAIRED_WITH_COUNTEREVIDENCE,NO_SEED_BOUND_YET,,Recover exact theorem statement for Destruction Dynamics (DD); prove chain from OC core or reject with counterproof; add falsifier and local evidence if empirical.,logion/k7/inbox/corona_stones_01/CANONICAL/DD Backup.md,"For the named crown-stone statement, derive the promoted claim from closed OC core theorems or provide a counterproof/model repair.",Named crown dependency chain must be closed from OC core before article promotion.,logion/k7/inbox/corona_stones_01/CANONICAL/DD Backup.md; 035 crown_inventory_rows; 040 crown counterproof,"Counterproof against promotion as proved crown-stone: 035 inventory marks `DD_DESTRUCTION_DYNAMICS` as `OPEN_THEOREM_CHAIN_REQUIRED`; source `logion/k7/inbox/corona_stones_01/CANONICAL/DD Backup.md` is an initialization/partial formalization surface, not a closed theorem chain. The exact repaired model state is: retain the crown file as a research program / candidate theorem family, but reject the stronger core claim that it is already proved. Source excerpt: --- source_path: CORONA/DD/DD Backup.docx conversion_wo: WO_K7_CORONA_STONES_DOCX_CONVERSION_01 conversion_ts_utc: 2026-02-17T15:05:27Z source_sha256: 5070ce362fbe5507bd700131612758f814db2afa9b354be520d9091245924b0b --- # 📌 PROJECT INIT — OK CORE EXTENSION ## Working Title: Destruction Dynamics --- ## 0. Статус и позиция чата Этот чат является Phase 0 / Conceptual Capture & Boundary Definition проекта OK Core Extension: Destruction Dynamics. Чат НЕ: - не пишет код, - не вводит формулы «на глаз», - не делает заявлений о физической реальности, - не производит окончательных аксиом. Чат ДА: - фиксирует смысл, - очищает язык, - отделяет метафоры от операторов, - определяет, что именно должно быть формализовано, - готовит переход к строгой математике. --- ## 1. Контекст проекта ### Базовая система Проект является расширением Онтологии Континуума (OK). Исходная позиция OK: - Континуум существуе","A countermodel, missing dependency, or empirical dependency without local evidence blocks crown promotion.",Open until replay/proof chain closes this row without exceeding its claim ceiling.,Verified against 035 crown inventory and canonical crown source; no dependency-closed theorem chain is present.,"If this crown is to become proved later, create a named theorem statement, proof dependencies, and local evidence if empirical.",2026-05-22T13:58:12.193429+00:00
OC39-QUEUE-OC35-CROWN-THEOREM-CHAIN-CARMA-COMPENSATORY-MECHANISMS,15,crown_stone_theorem_chain,OC35-CROWN-THEOREM-CHAIN-CARMA-COMPENSATORY-MECHANISMS,CARMA_COMPENSATORY_MECHANISMS,REJECTED_AND_MODEL_REPAIRED_WITH_COUNTEREVIDENCE,NO_SEED_BOUND_YET,,Recover exact theorem statement for Compensatory Adaptive Response Mechanisms (CARMA); prove chain from OC core or reject with counterproof; add falsifier and local evidence if empirical.,logion/k7/inbox/corona_stones_01/CANONICAL/CARMA Backup.md,"For the named crown-stone statement, derive the promoted claim from closed OC core theorems or provide a counterproof/model repair.",Named crown dependency chain must be closed from OC core before article promotion.,logion/k7/inbox/corona_stones_01/CANONICAL/CARMA Backup.md; 035 crown_inventory_rows; 040 crown counterproof,"Counterproof against promotion as proved crown-stone: 035 inventory marks `CARMA_COMPENSATORY_MECHANISMS` as `OPEN_THEOREM_CHAIN_REQUIRED`; source `logion/k7/inbox/corona_stones_01/CANONICAL/CARMA Backup.md` is an initialization/partial formalization surface, not a closed theorem chain. The exact repaired model state is: retain the crown file as a research program / candidate theorem family, but reject the stronger core claim that it is already proved. Source excerpt: --- source_path: CORONA/CARMA/CARMA Backup.docx conversion_wo: WO_K7_CORONA_STONES_DOCX_CONVERSION_01 conversion_ts_utc: 2026-02-17T15:05:27Z source_sha256: fc16215c6b2f68cec8ef9b6943b1babe4fd7f9d4b60a94cad0d3bcc0b8310c72 --- ================================================================================ PROJECT INIT INSTRUCTION — CARMA Compensatory Adaptive Regulatory Mechanism Analysis ================================================================================ ROLE OF THIS CHAT You are a dedicated project-level executor for the project CARMA (Compensatory Adaptive Regulatory Mechanism Analysis). This chat is NOT a brainstorming space. This chat is NOT a meta-discussion space. This chat is a formal unpacking, structuring, and initialization environment for a new theoretical–diagnostic project within the Ontology of Continua ecosystem. This project is on the SAME LEVEL as: - Destru","A countermodel, missing dependency, or empirical dependency without local evidence blocks crown promotion.",Open until replay/proof chain closes this row without exceeding its claim ceiling.,Verified against 035 crown inventory and canonical crown source; no dependency-closed theorem chain is present.,"If this crown is to become proved later, create a named theorem statement, proof dependencies, and local evidence if empirical.",2026-05-22T13:58:12.195098+00:00
OC39-QUEUE-OC35-CROWN-THEOREM-CHAIN-SIR-STATE-INVERSION-RECOVERY,16,crown_stone_theorem_chain,OC35-CROWN-THEOREM-CHAIN-SIR-STATE-INVERSION-RECOVERY,SIR_STATE_INVERSION_RECOVERY,REJECTED_AND_MODEL_REPAIRED_WITH_COUNTEREVIDENCE,NO_SEED_BOUND_YET,,Recover exact theorem statement for State Inversion Recovery (SIR); prove chain from OC core or reject with counterproof; add falsifier and local evidence if empirical.,logion/k7/inbox/corona_stones_01/CANONICAL/SIR Backup.md,"For the named crown-stone statement, derive the promoted claim from closed OC core theorems or provide a counterproof/model repair.",Named crown dependency chain must be closed from OC core before article promotion.,logion/k7/inbox/corona_stones_01/CANONICAL/SIR Backup.md; 035 crown_inventory_rows; 040 crown counterproof,"Counterproof against promotion as proved crown-stone: 035 inventory marks `SIR_STATE_INVERSION_RECOVERY` as `OPEN_THEOREM_CHAIN_REQUIRED`; source `logion/k7/inbox/corona_stones_01/CANONICAL/SIR Backup.md` is an initialization/partial formalization surface, not a closed theorem chain. The exact repaired model state is: retain the crown file as a research program / candidate theorem family, but reject the stronger core claim that it is already proved. Source excerpt: --- source_path: CORONA/SIR/SIR Backup.docx conversion_wo: WO_K7_CORONA_STONES_DOCX_CONVERSION_01 conversion_ts_utc: 2026-02-17T15:05:27Z source_sha256: 8f828e9bbac67729c6bbc52a840ccef90c47af2a8564a8213a3b5d7a093676b7 --- CHAT 1: ================================================================================ PROJECT INSTRUCTION — SIR EXTENSION STRUCTURAL INTERACTION RATE OK CORE EXTENSION STONE ================================================================================ 0. STATUS & POSITIONING ---------------------- Name: SIR Extension Full name: Structural Interaction Rate Extension Type: Core-extension (theoretical + diagnostic) OK Levels: K6–K8 (with physical anchor in K2) Maturity: - Formalism: STABLE / CLOSED - Empirical validation: SYNTHETIC DONE, REAL-DATA READY - Public layer: NONE (INTENTIONAL) Purpose: Introduce and develop SIR (Structural Interaction Rate) as a universal ","A countermodel, missing dependency, or empirical dependency without local evidence blocks crown promotion.",Open until replay/proof chain closes this row without exceeding its claim ceiling.,Verified against 035 crown inventory and canonical crown source; no dependency-closed theorem chain is present.,"If this crown is to become proved later, create a named theorem statement, proof dependencies, and local evidence if empirical.",2026-05-22T13:58:12.195991+00:00
OC39-QUEUE-OC35-CROWN-THEOREM-CHAIN-SMD-STABILITY-MELTDOWN-DYNAMICS,17,crown_stone_theorem_chain,OC35-CROWN-THEOREM-CHAIN-SMD-STABILITY-MELTDOWN-DYNAMICS,SMD_STABILITY_MELTDOWN_DYNAMICS,REJECTED_AND_MODEL_REPAIRED_WITH_COUNTEREVIDENCE,NO_SEED_BOUND_YET,,Recover exact theorem statement for Stability Meltdown Dynamics (SMD); prove chain from OC core or reject with counterproof; add falsifier and local evidence if empirical.,logion/k7/inbox/corona_stones_01/CANONICAL/SMD Backup.md,"For the named crown-stone statement, derive the promoted claim from closed OC core theorems or provide a counterproof/model repair.",Named crown dependency chain must be closed from OC core before article promotion.,logion/k7/inbox/corona_stones_01/CANONICAL/SMD Backup.md; 035 crown_inventory_rows; 040 crown counterproof,"Counterproof against promotion as proved crown-stone: 035 inventory marks `SMD_STABILITY_MELTDOWN_DYNAMICS` as `OPEN_THEOREM_CHAIN_REQUIRED`; source `logion/k7/inbox/corona_stones_01/CANONICAL/SMD Backup.md` is an initialization/partial formalization surface, not a closed theorem chain. The exact repaired model state is: retain the crown file as a research program / candidate theorem family, but reject the stronger core claim that it is already proved. Source excerpt: --- source_path: CORONA/SMD/SMD Backup.docx conversion_wo: WO_K7_CORONA_STONES_DOCX_CONVERSION_01 conversion_ts_utc: 2026-02-17T15:05:27Z source_sha256: cdc826719f7c848bcf5b39a8973dc6e558653898a491566ad2c1817d71b00a87 --- ================================================================================ PROJECT INIT INSTRUCTION — SMD Structural Morphogenesis Dynamics ================================================================================ ROLE OF THIS CHAT ----------------- This chat is the canonical HQ (Headquarters) for the project **SMD — Structural Morphogenesis Dynamics**. The purpose of this HQ is: - formal definition, - mathematical modelling, - boundary setting, - and priority fixation of a new theoretical block within the Ontology of Continua ecosystem. This chat is NOT: - a tooling discussion, - an ESTRA Toolkit implementation space, - a BRR/CARMA/DD extension thread, - a","A countermodel, missing dependency, or empirical dependency without local evidence blocks crown promotion.",Open until replay/proof chain closes this row without exceeding its claim ceiling.,Verified against 035 crown inventory and canonical crown source; no dependency-closed theorem chain is present.,"If this crown is to become proved later, create a named theorem statement, proof dependencies, and local evidence if empirical.",2026-05-22T13:58:12.196911+00:00
OC39-QUEUE-OC35-CROWN-THEOREM-CHAIN-LIFE-LIFECYCLE-INTEGRITY-FEEDBACK,18,crown_stone_theorem_chain,OC35-CROWN-THEOREM-CHAIN-LIFE-LIFECYCLE-INTEGRITY-FEEDBACK,LIFE_LIFECYCLE_INTEGRITY_FEEDBACK,REJECTED_AND_MODEL_REPAIRED_WITH_COUNTEREVIDENCE,NO_SEED_BOUND_YET,,Recover exact theorem statement for Lifecycle Integrity Feedback (LIFE); prove chain from OC core or reject with counterproof; add falsifier and local evidence if empirical.,logion/k7/inbox/corona_stones_01/CANONICAL/LIFE Backup.md,"For the named crown-stone statement, derive the promoted claim from closed OC core theorems or provide a counterproof/model repair.",Named crown dependency chain must be closed from OC core before article promotion.,logion/k7/inbox/corona_stones_01/CANONICAL/LIFE Backup.md; 035 crown_inventory_rows; 040 crown counterproof,"Counterproof against promotion as proved crown-stone: 035 inventory marks `LIFE_LIFECYCLE_INTEGRITY_FEEDBACK` as `OPEN_THEOREM_CHAIN_REQUIRED`; source `logion/k7/inbox/corona_stones_01/CANONICAL/LIFE Backup.md` is an initialization/partial formalization surface, not a closed theorem chain. The exact repaired model state is: retain the crown file as a research program / candidate theorem family, but reject the stronger core claim that it is already proved. Source excerpt: --- source_path: CORONA/LIFE/LIFE Backup.docx conversion_wo: WO_K7_CORONA_STONES_DOCX_CONVERSION_01 conversion_ts_utc: 2026-02-17T15:05:27Z source_sha256: de73472cbe0b9612e85d3d5e2e154ce42db8874fc8797647a2487d4605a0bde0 --- ================================================================================ PROJECT INIT — LIFE (Corona of OK / Fundamental Dynamics Block) ================================================================================ STATUS ------ ACTIVE — foundational block of the OK Corona ROLE OF THIS PROJECT ------------------- This project formalizes the dynamics of existence of systems over time. Life is NOT a domain theory. Life is NOT biology, psychology, ethics, or self-help. Life is NOT optimization or prescription. Life IS: - a formal description of how systems exist in time - a classification of possible existence trajectories - a geometric and dynamical layer abo","A countermodel, missing dependency, or empirical dependency without local evidence blocks crown promotion.",Open until replay/proof chain closes this row without exceeding its claim ceiling.,Verified against 035 crown inventory and canonical crown source; no dependency-closed theorem chain is present.,"If this crown is to become proved later, create a named theorem statement, proof dependencies, and local evidence if empirical.",2026-05-22T13:58:12.197518+00:00
OC39-QUEUE-OC35-CROWN-THEOREM-CHAIN-BRR-BOUNDARY-RESONANCE-REGULATION,19,crown_stone_theorem_chain,OC35-CROWN-THEOREM-CHAIN-BRR-BOUNDARY-RESONANCE-REGULATION,BRR_BOUNDARY_RESONANCE_REGULATION,REJECTED_AND_MODEL_REPAIRED_WITH_COUNTEREVIDENCE,NO_SEED_BOUND_YET,,Recover exact theorem statement for Boundary Resonance Regulation (BRR); prove chain from OC core or reject with counterproof; add falsifier and local evidence if empirical.,logion/k7/inbox/corona_stones_01/CANONICAL/BRR Backup.md,"For the named crown-stone statement, derive the promoted claim from closed OC core theorems or provide a counterproof/model repair.",Named crown dependency chain must be closed from OC core before article promotion.,logion/k7/inbox/corona_stones_01/CANONICAL/BRR Backup.md; 035 crown_inventory_rows; 040 crown counterproof,"Counterproof against promotion as proved crown-stone: 035 inventory marks `BRR_BOUNDARY_RESONANCE_REGULATION` as `OPEN_THEOREM_CHAIN_REQUIRED`; source `logion/k7/inbox/corona_stones_01/CANONICAL/BRR Backup.md` is an initialization/partial formalization surface, not a closed theorem chain. The exact repaired model state is: retain the crown file as a research program / candidate theorem family, but reject the stronger core claim that it is already proved. Source excerpt: --- source_path: CORONA/BRR/BRR Backup.docx conversion_wo: WO_K7_CORONA_STONES_DOCX_CONVERSION_01 conversion_ts_utc: 2026-02-17T15:05:27Z source_sha256: 84a1b8050b3c161b49b31cee7ba36fa050aea436da7c26836cdad39878154785 --- ================================================================================ PROJECT INIT INSTRUCTION — BRR Balancing Regulatory Regression ================================================================================ ROLE OF THIS CHAT ----------------- Этот чат является ИНИЦИАЛЬНЫМ (HQ-ROOT) чатом проекта BRR. Назначение: — формализация механизма деградации регуляторных систем — описание условий, при которых баланс → регресс — подготовка теоретического блока для интеграции в OK / CARMA / DD Этот чат: — НЕ brainstorming — НЕ философская дискуссия — НЕ продуктовый / маркетинговый — НЕ прикладной консалтинг Это: — формальная теоретическая работа — с жёсткими опреде","A countermodel, missing dependency, or empirical dependency without local evidence blocks crown promotion.",Open until replay/proof chain closes this row without exceeding its claim ceiling.,Verified against 035 crown inventory and canonical crown source; no dependency-closed theorem chain is present.,"If this crown is to become proved later, create a named theorem statement, proof dependencies, and local evidence if empirical.",2026-05-22T13:58:12.198787+00:00
OC39-QUEUE-OC35-CROWN-THEOREM-CHAIN-UCM-UNIVERSAL-CONTINUA-MECHANISM,20,crown_stone_theorem_chain,OC35-CROWN-THEOREM-CHAIN-UCM-UNIVERSAL-CONTINUA-MECHANISM,UCM_UNIVERSAL_CONTINUA_MECHANISM,REJECTED_AND_MODEL_REPAIRED_WITH_COUNTEREVIDENCE,NO_SEED_BOUND_YET,,"Recover exact theorem statement for Universal Continua Mechanisms (UCM, derived); prove chain from OC core or reject with counterproof; add falsifier and local evidence if empirical.",logion/k7/inbox/corona_stones_01/CANONICAL/Unbenanntes Dokument.md,"For the named crown-stone statement, derive the promoted claim from closed OC core theorems or provide a counterproof/model repair.",Named crown dependency chain must be closed from OC core before article promotion.,logion/k7/inbox/corona_stones_01/CANONICAL/Unbenanntes Dokument.md; 035 crown_inventory_rows; 040 crown counterproof,"Counterproof against promotion as proved crown-stone: 035 inventory marks `UCM_UNIVERSAL_CONTINUA_MECHANISM` as `OPEN_THEOREM_CHAIN_REQUIRED`; source `logion/k7/inbox/corona_stones_01/CANONICAL/Unbenanntes Dokument.md` is an initialization/partial formalization surface, not a closed theorem chain. The exact repaired model state is: retain the crown file as a research program / candidate theorem family, but reject the stronger core claim that it is already proved. Source excerpt: --- source_path: CORONA/SMD/SMD Backup 2/Unbenanntes Dokument.docx conversion_wo: WO_K7_CORONA_STONES_DOCX_CONVERSION_01 conversion_ts_utc: 2026-02-17T15:05:27Z source_sha256: 99efee67671f2be8c835a6f3a23b65c610edb5ee359c9d76f474f346050251f6 --- ================================================================================ PROJECT INIT INSTRUCTION — SMD Structural Morphogenesis Dynamics ================================================================================ ROLE OF THIS CHAT ---------------- This chat is a dedicated HQ-level workspace for the project **SMD (Structural Morphogenesis Dynamics)**. You are operating as: - formal theorist - systems mechanician - model architect This chat is NOT: - brainstorming without фиксации - философская рефлексия - прикладная разработка инструментов - обсуждение кейсов “на пальцах” This chat IS: - строгая постановка нового камня Короны ОК - фор","A countermodel, missing dependency, or empirical dependency without local evidence blocks crown promotion.",Open until replay/proof chain closes this row without exceeding its claim ceiling.,Verified against 035 crown inventory and canonical crown source; no dependency-closed theorem chain is present.,"If this crown is to become proved later, create a named theorem statement, proof dependencies, and local evidence if empirical.",2026-05-22T13:58:12.199339+00:00
OC39-QUEUE-OC35-ATTACK-RESPONSE-MAP-REVIEWER-ATTACK-RESPONSE-MAP-EMPIRICAL-ATTACKS-ATOM-101-H50BC388114BE,21,empirical_attack_response_mapping,OC35-ATTACK-RESPONSE-MAP-REVIEWER-ATTACK-RESPONSE-MAP-EMPIRICAL-ATTACKS-ATOM-101-H50BC388114BE,reviewer_attack_response_map__empirical_attacks__atom_101__h50bc388114be,FORMALLY_PROVED_NONEMPIRICAL_PROJECTION,NO_SEED_BOUND_YET,,"Map reviewer_attack_response_map__empirical_attacks__atom_101__h50bc388114be to a domain/crown evidence row, repaired counterevidence row, or explicit nonclaim exclusion.",logion/k7/release_missions/oc_core_current/packages/oc_core_1_4/006/language_sources/units/reviewer_attack_response_map__empirical_attacks__atom_101__h50bc388114be.json,"The row is empirically promotable only if a local evidence packet satisfies: Map reviewer_attack_response_map__empirical_attacks__atom_101__h50bc388114be to a domain/crown evidence row, repaired counterevidence row, or explicit nonclaim exclusion.",Bounded empirical projection only; no stronger domain-wide theory language.,logion/k7/release_missions/oc_core_current/packages/oc_core_1_4/006/language_sources/units/reviewer_attack_response_map__empirical_attacks__atom_101__h50bc388114be.json; source_sha256=bfc933c56b4ee0d8cec9727df72dd7b4e3ea4b9d8ec697e9df4905aa11d59800; mapped_to=domain evidence/boundary lane `CHEMISTRY` plus 031-040 replay ledgers,"Formal mapping closure for reviewer empirical-attack unit `reviewer_attack_response_map__empirical_attacks__atom_101__h50bc388114be`. Target hint `CHEMISTRY` is mapped to domain evidence/boundary lane `CHEMISTRY` plus 031-040 replay ledgers. This is not empirical promotion; it proves that the attack row is represented by an evidence/boundary obligation. Source hash `bfc933c56b4ee0d8cec9727df72dd7b4e3ea4b9d8ec697e9df4905aa11d59800`. Source excerpt: { ""chapter_id"": ""empirical_attacks"", ""chapter_title"": ""Empirical Attacks"", ""failure_reason_codes"": [], ""language_source_status"": ""PASS"", ""package_id"": ""OC_CORE_1_4_RELEASE_CANDIDATE"", ""run_id"": ""OC14_DECOMP_ASSEMBLE_BLOCKS_20260511"", ""schema_id"": ""PublicationUnitLanguageSource_v1"", ""section_id"": ""reviewer_attack_response_map..101"", ""source_content_sha256"": ""bfc933c56b4ee0d8cec9727df72dd7b4e3ea4b9d8ec697e9df4905aa11d59800"", ""source_unit_id"": ""reviewer_attack_response_map__empirical_attacks__atom_101"", ""target_artifact_id"": ""reviewer_attack_response_map"", ""target_pdf_filename"": ""OC_CORE_1_4_REVIEWER_ATTACK_RESPONSE_MAP.pdf"", ""target_source_filename"": ""OC_CORE_1_4_REVIEWER_ATTACK_RESPONSE_MAP.md"", ""translation_source_text"": ""Let C(x) denote the local curvature of the boundary. Its jet is: \u001a \u001b dC J 1 (C) = , ∂Aboundary C . dt The directional derivative reflects the membrane’s geome","Failure to provide observables, constraints, operators, invariants, falsifier, replay, and verification blocks empirical promotion.",Open until replay/proof chain closes this row without exceeding its claim ceiling.,"Verified against 035 attack_response_rows; row is a mapping/boundary obligation, not an empirical domain proof.",No empirical promotion from this mapping row; domain truth remains governed by the mapped evidence row.,2026-05-22T13:58:29.208630+00:00
OC39-QUEUE-OC35-ATTACK-RESPONSE-MAP-REVIEWER-ATTACK-RESPONSE-MAP-EMPIRICAL-ATTACKS-ATOM-102-H1DE2C883E2AA,22,empirical_attack_response_mapping,OC35-ATTACK-RESPONSE-MAP-REVIEWER-ATTACK-RESPONSE-MAP-EMPIRICAL-ATTACKS-ATOM-102-H1DE2C883E2AA,reviewer_attack_response_map__empirical_attacks__atom_102__h1de2c883e2aa,FORMALLY_PROVED_NONEMPIRICAL_PROJECTION,NO_SEED_BOUND_YET,,"Map reviewer_attack_response_map__empirical_attacks__atom_102__h1de2c883e2aa to a domain/crown evidence row, repaired counterevidence row, or explicit nonclaim exclusion.",logion/k7/release_missions/oc_core_current/packages/oc_core_1_4/006/language_sources/units/reviewer_attack_response_map__empirical_attacks__atom_102__h1de2c883e2aa.json,"The row is empirically promotable only if a local evidence packet satisfies: Map reviewer_attack_response_map__empirical_attacks__atom_102__h1de2c883e2aa to a domain/crown evidence row, repaired counterevidence row, or explicit nonclaim exclusion.",Bounded empirical projection only; no stronger domain-wide theory language.,logion/k7/release_missions/oc_core_current/packages/oc_core_1_4/006/language_sources/units/reviewer_attack_response_map__empirical_attacks__atom_102__h1de2c883e2aa.json; source_sha256=a617c67d4823b8e9f65e50b75a433d0dc8d54e3392ec5a98a1b4bcc8ebbb1416; mapped_to=040 article boundary and non-inflation gate,"Formal mapping closure for reviewer empirical-attack unit `reviewer_attack_response_map__empirical_attacks__atom_102__h1de2c883e2aa`. Target hint `GENERAL_EMPIRICAL_ATTACK` is mapped to 040 article boundary and non-inflation gate. This is not empirical promotion; it proves that the attack row is represented by an evidence/boundary obligation. Source hash `a617c67d4823b8e9f65e50b75a433d0dc8d54e3392ec5a98a1b4bcc8ebbb1416`. Source excerpt: { ""chapter_id"": ""empirical_attacks"", ""chapter_title"": ""Empirical Attacks"", ""failure_reason_codes"": [], ""language_source_status"": ""PASS"", ""package_id"": ""OC_CORE_1_4_RELEASE_CANDIDATE"", ""run_id"": ""OC14_DECOMP_ASSEMBLE_BLOCKS_20260511"", ""schema_id"": ""PublicationUnitLanguageSource_v1"", ""section_id"": ""reviewer_attack_response_map..102"", ""source_content_sha256"": ""a617c67d4823b8e9f65e50b75a433d0dc8d54e3392ec5a98a1b4bcc8ebbb1416"", ""source_unit_id"": ""reviewer_attack_response_map__empirical_attacks__atom_102"", ""target_artifact_id"": ""reviewer_attack_response_map"", ""target_pdf_filename"": ""OC_CORE_1_4_REVIEWER_ATTACK_RESPONSE_MAP.pdf"", ""target_source_filename"": ""OC_CORE_1_4_REVIEWER_ATTACK_RESPONSE_MAP.md"", ""translation_source_text"": ""This separation matters for hostile review. A reviewer should be able to ask, for any sentence that sounds strong: is it axiomatic, derived, empirical, structural, inte","Failure to provide observables, constraints, operators, invariants, falsifier, replay, and verification blocks empirical promotion.",Open until replay/proof chain closes this row without exceeding its claim ceiling.,"Verified against 035 attack_response_rows; row is a mapping/boundary obligation, not an empirical domain proof.",No empirical promotion from this mapping row; domain truth remains governed by the mapped evidence row.,2026-05-22T13:58:29.209970+00:00
OC39-QUEUE-OC35-ATTACK-RESPONSE-MAP-REVIEWER-ATTACK-RESPONSE-MAP-EMPIRICAL-ATTACKS-ATOM-103-H7C8DA88E8D20,23,empirical_attack_response_mapping,OC35-ATTACK-RESPONSE-MAP-REVIEWER-ATTACK-RESPONSE-MAP-EMPIRICAL-ATTACKS-ATOM-103-H7C8DA88E8D20,reviewer_attack_response_map__empirical_attacks__atom_103__h7c8da88e8d20,FORMALLY_PROVED_NONEMPIRICAL_PROJECTION,NO_SEED_BOUND_YET,,"Map reviewer_attack_response_map__empirical_attacks__atom_103__h7c8da88e8d20 to a domain/crown evidence row, repaired counterevidence row, or explicit nonclaim exclusion.",logion/k7/release_missions/oc_core_current/packages/oc_core_1_4/006/language_sources/units/reviewer_attack_response_map__empirical_attacks__atom_103__h7c8da88e8d20.json,"The row is empirically promotable only if a local evidence packet satisfies: Map reviewer_attack_response_map__empirical_attacks__atom_103__h7c8da88e8d20 to a domain/crown evidence row, repaired counterevidence row, or explicit nonclaim exclusion.",Bounded empirical projection only; no stronger domain-wide theory language.,logion/k7/release_missions/oc_core_current/packages/oc_core_1_4/006/language_sources/units/reviewer_attack_response_map__empirical_attacks__atom_103__h7c8da88e8d20.json; source_sha256=96f68d93e2980acf676af316212165c3f646fa2ff9787b5929839d32e9950b99; mapped_to=domain evidence/boundary lane `PHYSICS` plus 031-040 replay ledgers,"Formal mapping closure for reviewer empirical-attack unit `reviewer_attack_response_map__empirical_attacks__atom_103__h7c8da88e8d20`. Target hint `PHYSICS` is mapped to domain evidence/boundary lane `PHYSICS` plus 031-040 replay ledgers. This is not empirical promotion; it proves that the attack row is represented by an evidence/boundary obligation. Source hash `96f68d93e2980acf676af316212165c3f646fa2ff9787b5929839d32e9950b99`. Source excerpt: { ""chapter_id"": ""empirical_attacks"", ""chapter_title"": ""Empirical Attacks"", ""failure_reason_codes"": [], ""language_source_status"": ""PASS"", ""package_id"": ""OC_CORE_1_4_RELEASE_CANDIDATE"", ""run_id"": ""OC14_DECOMP_ASSEMBLE_BLOCKS_20260511"", ""schema_id"": ""PublicationUnitLanguageSource_v1"", ""section_id"": ""reviewer_attack_response_map..103"", ""source_content_sha256"": ""96f68d93e2980acf676af316212165c3f646fa2ff9787b5929839d32e9950b99"", ""source_unit_id"": ""reviewer_attack_response_map__empirical_attacks__atom_103"", ""target_artifact_id"": ""reviewer_attack_response_map"", ""target_pdf_filename"": ""OC_CORE_1_4_REVIEWER_ATTACK_RESPONSE_MAP.pdf"", ""target_source_filename"": ""OC_CORE_1_4_REVIEWER_ATTACK_RESPONSE_MAP.md"", ""translation_source_text"": ""This appendix summarizes the replay-report role. A replay report supports public evidence only when the replay result, comparator, residual, negative control, falsifier","Failure to provide observables, constraints, operators, invariants, falsifier, replay, and verification blocks empirical promotion.",Open until replay/proof chain closes this row without exceeding its claim ceiling.,"Verified against 035 attack_response_rows; row is a mapping/boundary obligation, not an empirical domain proof.",No empirical promotion from this mapping row; domain truth remains governed by the mapped evidence row.,2026-05-22T13:58:29.210565+00:00
OC39-QUEUE-OC35-ATTACK-RESPONSE-MAP-REVIEWER-ATTACK-RESPONSE-MAP-EMPIRICAL-ATTACKS-ATOM-104-HD6AA785B8EDB,24,empirical_attack_response_mapping,OC35-ATTACK-RESPONSE-MAP-REVIEWER-ATTACK-RESPONSE-MAP-EMPIRICAL-ATTACKS-ATOM-104-HD6AA785B8EDB,reviewer_attack_response_map__empirical_attacks__atom_104__hd6aa785b8edb,FORMALLY_PROVED_NONEMPIRICAL_PROJECTION,NO_SEED_BOUND_YET,,"Map reviewer_attack_response_map__empirical_attacks__atom_104__hd6aa785b8edb to a domain/crown evidence row, repaired counterevidence row, or explicit nonclaim exclusion.",logion/k7/release_missions/oc_core_current/packages/oc_core_1_4/006/language_sources/units/reviewer_attack_response_map__empirical_attacks__atom_104__hd6aa785b8edb.json,"The row is empirically promotable only if a local evidence packet satisfies: Map reviewer_attack_response_map__empirical_attacks__atom_104__hd6aa785b8edb to a domain/crown evidence row, repaired counterevidence row, or explicit nonclaim exclusion.",Bounded empirical projection only; no stronger domain-wide theory language.,logion/k7/release_missions/oc_core_current/packages/oc_core_1_4/006/language_sources/units/reviewer_attack_response_map__empirical_attacks__atom_104__hd6aa785b8edb.json; source_sha256=20d48c55a4b6d4e3416d9a1191d28bfa6050518ffa2131ab3aceaa8adbec44b4; mapped_to=040 article boundary and non-inflation gate,"Formal mapping closure for reviewer empirical-attack unit `reviewer_attack_response_map__empirical_attacks__atom_104__hd6aa785b8edb`. Target hint `GENERAL_EMPIRICAL_ATTACK` is mapped to 040 article boundary and non-inflation gate. This is not empirical promotion; it proves that the attack row is represented by an evidence/boundary obligation. Source hash `20d48c55a4b6d4e3416d9a1191d28bfa6050518ffa2131ab3aceaa8adbec44b4`. Source excerpt: { ""chapter_id"": ""empirical_attacks"", ""chapter_title"": ""Empirical Attacks"", ""failure_reason_codes"": [], ""language_source_status"": ""PASS"", ""package_id"": ""OC_CORE_1_4_RELEASE_CANDIDATE"", ""run_id"": ""OC14_DECOMP_ASSEMBLE_BLOCKS_20260511"", ""schema_id"": ""PublicationUnitLanguageSource_v1"", ""section_id"": ""reviewer_attack_response_map..104"", ""source_content_sha256"": ""20d48c55a4b6d4e3416d9a1191d28bfa6050518ffa2131ab3aceaa8adbec44b4"", ""source_unit_id"": ""reviewer_attack_response_map__empirical_attacks__atom_104"", ""target_artifact_id"": ""reviewer_attack_response_map"", ""target_pdf_filename"": ""OC_CORE_1_4_REVIEWER_ATTACK_RESPONSE_MAP.pdf"", ""target_source_filename"": ""OC_CORE_1_4_REVIEWER_ATTACK_RESPONSE_MAP.md"", ""translation_source_text"": ""The reviewer map answers where the strongest objections land. A defect in any one document is therefore not a cosmetic issue; it weakens the whole public scientific sur","Failure to provide observables, constraints, operators, invariants, falsifier, replay, and verification blocks empirical promotion.",Open until replay/proof chain closes this row without exceeding its claim ceiling.,"Verified against 035 attack_response_rows; row is a mapping/boundary obligation, not an empirical domain proof.",No empirical promotion from this mapping row; domain truth remains governed by the mapped evidence row.,2026-05-22T13:58:29.211223+00:00
OC39-QUEUE-OC35-ATTACK-RESPONSE-MAP-REVIEWER-ATTACK-RESPONSE-MAP-EMPIRICAL-ATTACKS-ATOM-105-H089E5B425C5B,25,empirical_attack_response_mapping,OC35-ATTACK-RESPONSE-MAP-REVIEWER-ATTACK-RESPONSE-MAP-EMPIRICAL-ATTACKS-ATOM-105-H089E5B425C5B,reviewer_attack_response_map__empirical_attacks__atom_105__h089e5b425c5b,FORMALLY_PROVED_NONEMPIRICAL_PROJECTION,NO_SEED_BOUND_YET,,"Map reviewer_attack_response_map__empirical_attacks__atom_105__h089e5b425c5b to a domain/crown evidence row, repaired counterevidence row, or explicit nonclaim exclusion.",logion/k7/release_missions/oc_core_current/packages/oc_core_1_4/006/language_sources/units/reviewer_attack_response_map__empirical_attacks__atom_105__h089e5b425c5b.json,"The row is empirically promotable only if a local evidence packet satisfies: Map reviewer_attack_response_map__empirical_attacks__atom_105__h089e5b425c5b to a domain/crown evidence row, repaired counterevidence row, or explicit nonclaim exclusion.",Bounded empirical projection only; no stronger domain-wide theory language.,logion/k7/release_missions/oc_core_current/packages/oc_core_1_4/006/language_sources/units/reviewer_attack_response_map__empirical_attacks__atom_105__h089e5b425c5b.json; source_sha256=5dabb795103a06371112d555075c6416ce8de928ddea4010b809b0ea633b70b2; mapped_to=domain evidence/boundary lane `SYSTEMS_CIVILIZATIONAL_PROJECTION` plus 031-040 replay ledgers,"Formal mapping closure for reviewer empirical-attack unit `reviewer_attack_response_map__empirical_attacks__atom_105__h089e5b425c5b`. Target hint `SYSTEMS_CIVILIZATIONAL_PROJECTION` is mapped to domain evidence/boundary lane `SYSTEMS_CIVILIZATIONAL_PROJECTION` plus 031-040 replay ledgers. This is not empirical promotion; it proves that the attack row is represented by an evidence/boundary obligation. Source hash `5dabb795103a06371112d555075c6416ce8de928ddea4010b809b0ea633b70b2`. Source excerpt: { ""chapter_id"": ""empirical_attacks"", ""chapter_title"": ""Empirical Attacks"", ""failure_reason_codes"": [], ""language_source_status"": ""PASS"", ""package_id"": ""OC_CORE_1_4_RELEASE_CANDIDATE"", ""run_id"": ""OC14_DECOMP_ASSEMBLE_BLOCKS_20260511"", ""schema_id"": ""PublicationUnitLanguageSource_v1"", ""section_id"": ""reviewer_attack_response_map..105"", ""source_content_sha256"": ""5dabb795103a06371112d555075c6416ce8de928ddea4010b809b0ea633b70b2"", ""source_unit_id"": ""reviewer_attack_response_map__empirical_attacks__atom_105"", ""target_artifact_id"": ""reviewer_attack_response_map"", ""target_pdf_filename"": ""OC_CORE_1_4_REVIEWER_ATTACK_RESPONSE_MAP.pdf"", ""target_source_filename"": ""OC_CORE_1_4_REVIEWER_ATTACK_RESPONSE_MAP.md"", ""translation_source_text"": ""Key thresholds: Θ7 = {Θtrust , Θcohesion , Θnorm , Θinst , Θcoord }. Their jets: J 1 (Θ7 ) = {Θ̇7 , ∂A7 Θ7 }. Threshold jets describe: • proximity to institutional coll","Failure to provide observables, constraints, operators, invariants, falsifier, replay, and verification blocks empirical promotion.",Open until replay/proof chain closes this row without exceeding its claim ceiling.,"Verified against 035 attack_response_rows; row is a mapping/boundary obligation, not an empirical domain proof.",No empirical promotion from this mapping row; domain truth remains governed by the mapped evidence row.,2026-05-22T13:58:29.211778+00:00
OC39-QUEUE-OC35-ATTACK-RESPONSE-MAP-REVIEWER-ATTACK-RESPONSE-MAP-EMPIRICAL-ATTACKS-ATOM-106-H5560DD98BEA1,26,empirical_attack_response_mapping,OC35-ATTACK-RESPONSE-MAP-REVIEWER-ATTACK-RESPONSE-MAP-EMPIRICAL-ATTACKS-ATOM-106-H5560DD98BEA1,reviewer_attack_response_map__empirical_attacks__atom_106__h5560dd98bea1,FORMALLY_PROVED_NONEMPIRICAL_PROJECTION,NO_SEED_BOUND_YET,,"Map reviewer_attack_response_map__empirical_attacks__atom_106__h5560dd98bea1 to a domain/crown evidence row, repaired counterevidence row, or explicit nonclaim exclusion.",logion/k7/release_missions/oc_core_current/packages/oc_core_1_4/006/language_sources/units/reviewer_attack_response_map__empirical_attacks__atom_106__h5560dd98bea1.json,"The row is empirically promotable only if a local evidence packet satisfies: Map reviewer_attack_response_map__empirical_attacks__atom_106__h5560dd98bea1 to a domain/crown evidence row, repaired counterevidence row, or explicit nonclaim exclusion.",Bounded empirical projection only; no stronger domain-wide theory language.,logion/k7/release_missions/oc_core_current/packages/oc_core_1_4/006/language_sources/units/reviewer_attack_response_map__empirical_attacks__atom_106__h5560dd98bea1.json; source_sha256=8b997474ea24f5177250c252d948e66fdec6312eef79e4f0c25e1688de023905; mapped_to=040 article boundary and non-inflation gate,"Formal mapping closure for reviewer empirical-attack unit `reviewer_attack_response_map__empirical_attacks__atom_106__h5560dd98bea1`. Target hint `GENERAL_EMPIRICAL_ATTACK` is mapped to 040 article boundary and non-inflation gate. This is not empirical promotion; it proves that the attack row is represented by an evidence/boundary obligation. Source hash `8b997474ea24f5177250c252d948e66fdec6312eef79e4f0c25e1688de023905`. Source excerpt: { ""chapter_id"": ""empirical_attacks"", ""chapter_title"": ""Empirical Attacks"", ""failure_reason_codes"": [], ""language_source_status"": ""PASS"", ""package_id"": ""OC_CORE_1_4_RELEASE_CANDIDATE"", ""run_id"": ""OC14_DECOMP_ASSEMBLE_BLOCKS_20260511"", ""schema_id"": ""PublicationUnitLanguageSource_v1"", ""section_id"": ""reviewer_attack_response_map..106"", ""source_content_sha256"": ""8b997474ea24f5177250c252d948e66fdec6312eef79e4f0c25e1688de023905"", ""source_unit_id"": ""reviewer_attack_response_map__empirical_attacks__atom_106"", ""target_artifact_id"": ""reviewer_attack_response_map"", ""target_pdf_filename"": ""OC_CORE_1_4_REVIEWER_ATTACK_RESPONSE_MAP.pdf"", ""target_source_filename"": ""OC_CORE_1_4_REVIEWER_ATTACK_RESPONSE_MAP.md"", ""translation_source_text"": ""Cycles at K12 encode stable patterns of universe-level structure. Dynamics: Ċ = FC (C, K, A, P, \u0002). Jet: J 1 (C) = {Ċ, ∂A12 C}. Interpretation: • stability or fr","Failure to provide observables, constraints, operators, invariants, falsifier, replay, and verification blocks empirical promotion.",Open until replay/proof chain closes this row without exceeding its claim ceiling.,"Verified against 035 attack_response_rows; row is a mapping/boundary obligation, not an empirical domain proof.",No empirical promotion from this mapping row; domain truth remains governed by the mapped evidence row.,2026-05-22T13:58:29.212371+00:00
OC39-QUEUE-OC35-ATTACK-RESPONSE-MAP-REVIEWER-ATTACK-RESPONSE-MAP-EMPIRICAL-ATTACKS-ATOM-107-H47DCE4B60763,27,empirical_attack_response_mapping,OC35-ATTACK-RESPONSE-MAP-REVIEWER-ATTACK-RESPONSE-MAP-EMPIRICAL-ATTACKS-ATOM-107-H47DCE4B60763,reviewer_attack_response_map__empirical_attacks__atom_107__h47dce4b60763,FORMALLY_PROVED_NONEMPIRICAL_PROJECTION,NO_SEED_BOUND_YET,,"Map reviewer_attack_response_map__empirical_attacks__atom_107__h47dce4b60763 to a domain/crown evidence row, repaired counterevidence row, or explicit nonclaim exclusion.",logion/k7/release_missions/oc_core_current/packages/oc_core_1_4/006/language_sources/units/reviewer_attack_response_map__empirical_attacks__atom_107__h47dce4b60763.json,"The row is empirically promotable only if a local evidence packet satisfies: Map reviewer_attack_response_map__empirical_attacks__atom_107__h47dce4b60763 to a domain/crown evidence row, repaired counterevidence row, or explicit nonclaim exclusion.",Bounded empirical projection only; no stronger domain-wide theory language.,logion/k7/release_missions/oc_core_current/packages/oc_core_1_4/006/language_sources/units/reviewer_attack_response_map__empirical_attacks__atom_107__h47dce4b60763.json; source_sha256=e7552799c594422d0dbbb916e412165451f77027d6b1fd37182a44d8b54f6fc5; mapped_to=domain evidence/boundary lane `AI_SYSTEMS` plus 031-040 replay ledgers,"Formal mapping closure for reviewer empirical-attack unit `reviewer_attack_response_map__empirical_attacks__atom_107__h47dce4b60763`. Target hint `AI_SYSTEMS` is mapped to domain evidence/boundary lane `AI_SYSTEMS` plus 031-040 replay ledgers. This is not empirical promotion; it proves that the attack row is represented by an evidence/boundary obligation. Source hash `e7552799c594422d0dbbb916e412165451f77027d6b1fd37182a44d8b54f6fc5`. Source excerpt: { ""chapter_id"": ""empirical_attacks"", ""chapter_title"": ""Empirical Attacks"", ""failure_reason_codes"": [], ""language_source_status"": ""PASS"", ""package_id"": ""OC_CORE_1_4_RELEASE_CANDIDATE"", ""run_id"": ""OC14_DECOMP_ASSEMBLE_BLOCKS_20260511"", ""schema_id"": ""PublicationUnitLanguageSource_v1"", ""section_id"": ""reviewer_attack_response_map..107"", ""source_content_sha256"": ""e7552799c594422d0dbbb916e412165451f77027d6b1fd37182a44d8b54f6fc5"", ""source_unit_id"": ""reviewer_attack_response_map__empirical_attacks__atom_107"", ""target_artifact_id"": ""reviewer_attack_response_map"", ""target_pdf_filename"": ""OC_CORE_1_4_REVIEWER_ATTACK_RESPONSE_MAP.pdf"", ""target_source_filename"": ""OC_CORE_1_4_REVIEWER_ATTACK_RESPONSE_MAP.md"", ""translation_source_text"": ""If not, the row is not silently massaged into compatibility; the artifact is regenerated, the mismatch is explained, or the public claim is demoted. This is why the rel","Failure to provide observables, constraints, operators, invariants, falsifier, replay, and verification blocks empirical promotion.",Open until replay/proof chain closes this row without exceeding its claim ceiling.,"Verified against 035 attack_response_rows; row is a mapping/boundary obligation, not an empirical domain proof.",No empirical promotion from this mapping row; domain truth remains governed by the mapped evidence row.,2026-05-22T13:58:29.212913+00:00
OC39-QUEUE-OC35-ATTACK-RESPONSE-MAP-REVIEWER-ATTACK-RESPONSE-MAP-EMPIRICAL-ATTACKS-ATOM-108-H2DCD9EAAB628,28,empirical_attack_response_mapping,OC35-ATTACK-RESPONSE-MAP-REVIEWER-ATTACK-RESPONSE-MAP-EMPIRICAL-ATTACKS-ATOM-108-H2DCD9EAAB628,reviewer_attack_response_map__empirical_attacks__atom_108__h2dcd9eaab628,FORMALLY_PROVED_NONEMPIRICAL_PROJECTION,NO_SEED_BOUND_YET,,"Map reviewer_attack_response_map__empirical_attacks__atom_108__h2dcd9eaab628 to a domain/crown evidence row, repaired counterevidence row, or explicit nonclaim exclusion.",logion/k7/release_missions/oc_core_current/packages/oc_core_1_4/006/language_sources/units/reviewer_attack_response_map__empirical_attacks__atom_108__h2dcd9eaab628.json,"The row is empirically promotable only if a local evidence packet satisfies: Map reviewer_attack_response_map__empirical_attacks__atom_108__h2dcd9eaab628 to a domain/crown evidence row, repaired counterevidence row, or explicit nonclaim exclusion.",Bounded empirical projection only; no stronger domain-wide theory language.,logion/k7/release_missions/oc_core_current/packages/oc_core_1_4/006/language_sources/units/reviewer_attack_response_map__empirical_attacks__atom_108__h2dcd9eaab628.json; source_sha256=da30fed10106956d9f4c15ad187daf1d2479893047f36a39b1f634ab2c3e84f4; mapped_to=domain evidence/boundary lane `PHYSICS` plus 031-040 replay ledgers,"Formal mapping closure for reviewer empirical-attack unit `reviewer_attack_response_map__empirical_attacks__atom_108__h2dcd9eaab628`. Target hint `PHYSICS` is mapped to domain evidence/boundary lane `PHYSICS` plus 031-040 replay ledgers. This is not empirical promotion; it proves that the attack row is represented by an evidence/boundary obligation. Source hash `da30fed10106956d9f4c15ad187daf1d2479893047f36a39b1f634ab2c3e84f4`. Source excerpt: { ""chapter_id"": ""empirical_attacks"", ""chapter_title"": ""Empirical Attacks"", ""failure_reason_codes"": [], ""language_source_status"": ""PASS"", ""package_id"": ""OC_CORE_1_4_RELEASE_CANDIDATE"", ""run_id"": ""OC14_DECOMP_ASSEMBLE_BLOCKS_20260511"", ""schema_id"": ""PublicationUnitLanguageSource_v1"", ""section_id"": ""reviewer_attack_response_map..108"", ""source_content_sha256"": ""da30fed10106956d9f4c15ad187daf1d2479893047f36a39b1f634ab2c3e84f4"", ""source_unit_id"": ""reviewer_attack_response_map__empirical_attacks__atom_108"", ""target_artifact_id"": ""reviewer_attack_response_map"", ""target_pdf_filename"": ""OC_CORE_1_4_REVIEWER_ATTACK_RESPONSE_MAP.pdf"", ""target_source_filename"": ""OC_CORE_1_4_REVIEWER_ATTACK_RESPONSE_MAP.md"", ""translation_source_text"": ""(P3.16) Boundary Curvature Transitions. ∂Ω(K3 ) may change topology under tension, predicting: boundary folds, cusps, detachment. 422. Within Empirical Attacks, boundar","Failure to provide observables, constraints, operators, invariants, falsifier, replay, and verification blocks empirical promotion.",Open until replay/proof chain closes this row without exceeding its claim ceiling.,"Verified against 035 attack_response_rows; row is a mapping/boundary obligation, not an empirical domain proof.",No empirical promotion from this mapping row; domain truth remains governed by the mapped evidence row.,2026-05-22T13:58:29.213505+00:00
OC39-QUEUE-OC35-ATTACK-RESPONSE-MAP-REVIEWER-ATTACK-RESPONSE-MAP-EMPIRICAL-ATTACKS-ATOM-109-HA6D8519CCBC7,29,empirical_attack_response_mapping,OC35-ATTACK-RESPONSE-MAP-REVIEWER-ATTACK-RESPONSE-MAP-EMPIRICAL-ATTACKS-ATOM-109-HA6D8519CCBC7,reviewer_attack_response_map__empirical_attacks__atom_109__ha6d8519ccbc7,FORMALLY_PROVED_NONEMPIRICAL_PROJECTION,NO_SEED_BOUND_YET,,"Map reviewer_attack_response_map__empirical_attacks__atom_109__ha6d8519ccbc7 to a domain/crown evidence row, repaired counterevidence row, or explicit nonclaim exclusion.",logion/k7/release_missions/oc_core_current/packages/oc_core_1_4/006/language_sources/units/reviewer_attack_response_map__empirical_attacks__atom_109__ha6d8519ccbc7.json,"The row is empirically promotable only if a local evidence packet satisfies: Map reviewer_attack_response_map__empirical_attacks__atom_109__ha6d8519ccbc7 to a domain/crown evidence row, repaired counterevidence row, or explicit nonclaim exclusion.",Bounded empirical projection only; no stronger domain-wide theory language.,logion/k7/release_missions/oc_core_current/packages/oc_core_1_4/006/language_sources/units/reviewer_attack_response_map__empirical_attacks__atom_109__ha6d8519ccbc7.json; source_sha256=edfacd21be67068b8004db22c3274de1d0bbc04362c96c98d52077d3dfd58a7f; mapped_to=domain evidence/boundary lane `SYSTEMS_CIVILIZATIONAL_PROJECTION` plus 031-040 replay ledgers,"Formal mapping closure for reviewer empirical-attack unit `reviewer_attack_response_map__empirical_attacks__atom_109__ha6d8519ccbc7`. Target hint `SYSTEMS_CIVILIZATIONAL_PROJECTION` is mapped to domain evidence/boundary lane `SYSTEMS_CIVILIZATIONAL_PROJECTION` plus 031-040 replay ledgers. This is not empirical promotion; it proves that the attack row is represented by an evidence/boundary obligation. Source hash `edfacd21be67068b8004db22c3274de1d0bbc04362c96c98d52077d3dfd58a7f`. Source excerpt: { ""chapter_id"": ""empirical_attacks"", ""chapter_title"": ""Empirical Attacks"", ""failure_reason_codes"": [], ""language_source_status"": ""PASS"", ""package_id"": ""OC_CORE_1_4_RELEASE_CANDIDATE"", ""run_id"": ""OC14_DECOMP_ASSEMBLE_BLOCKS_20260511"", ""schema_id"": ""PublicationUnitLanguageSource_v1"", ""section_id"": ""reviewer_attack_response_map..109"", ""source_content_sha256"": ""edfacd21be67068b8004db22c3274de1d0bbc04362c96c98d52077d3dfd58a7f"", ""source_unit_id"": ""reviewer_attack_response_map__empirical_attacks__atom_109"", ""target_artifact_id"": ""reviewer_attack_response_map"", ""target_pdf_filename"": ""OC_CORE_1_4_REVIEWER_ATTACK_RESPONSE_MAP.pdf"", ""target_source_filename"": ""OC_CORE_1_4_REVIEWER_ATTACK_RESPONSE_MAP.md"", ""translation_source_text"": ""(P8.5) Minimal Axes at K8 . K8 necessarily exhibits the following axes: Ainfra , Atech , Aecon , Areg , Amemory . (P8.6) Separation of Scales. K8 predicts strong multi-","Failure to provide observables, constraints, operators, invariants, falsifier, replay, and verification blocks empirical promotion.",Open until replay/proof chain closes this row without exceeding its claim ceiling.,"Verified against 035 attack_response_rows; row is a mapping/boundary obligation, not an empirical domain proof.",No empirical promotion from this mapping row; domain truth remains governed by the mapped evidence row.,2026-05-22T13:58:29.214134+00:00
OC39-QUEUE-OC35-ATTACK-RESPONSE-MAP-REVIEWER-ATTACK-RESPONSE-MAP-EMPIRICAL-ATTACKS-ATOM-110-H5C1A2E1A5766,30,empirical_attack_response_mapping,OC35-ATTACK-RESPONSE-MAP-REVIEWER-ATTACK-RESPONSE-MAP-EMPIRICAL-ATTACKS-ATOM-110-H5C1A2E1A5766,reviewer_attack_response_map__empirical_attacks__atom_110__h5c1a2e1a5766,FORMALLY_PROVED_NONEMPIRICAL_PROJECTION,NO_SEED_BOUND_YET,,"Map reviewer_attack_response_map__empirical_attacks__atom_110__h5c1a2e1a5766 to a domain/crown evidence row, repaired counterevidence row, or explicit nonclaim exclusion.",logion/k7/release_missions/oc_core_current/packages/oc_core_1_4/006/language_sources/units/reviewer_attack_response_map__empirical_attacks__atom_110__h5c1a2e1a5766.json,"The row is empirically promotable only if a local evidence packet satisfies: Map reviewer_attack_response_map__empirical_attacks__atom_110__h5c1a2e1a5766 to a domain/crown evidence row, repaired counterevidence row, or explicit nonclaim exclusion.",Bounded empirical projection only; no stronger domain-wide theory language.,logion/k7/release_missions/oc_core_current/packages/oc_core_1_4/006/language_sources/units/reviewer_attack_response_map__empirical_attacks__atom_110__h5c1a2e1a5766.json; source_sha256=3d8db224edb2119cd5cdc32f2fc3b9961dd9f88c85f93dcf145ca2082c39ad1d; mapped_to=domain evidence/boundary lane `PHYSICS` plus 031-040 replay ledgers,"Formal mapping closure for reviewer empirical-attack unit `reviewer_attack_response_map__empirical_attacks__atom_110__h5c1a2e1a5766`. Target hint `PHYSICS` is mapped to domain evidence/boundary lane `PHYSICS` plus 031-040 replay ledgers. This is not empirical promotion; it proves that the attack row is represented by an evidence/boundary obligation. Source hash `3d8db224edb2119cd5cdc32f2fc3b9961dd9f88c85f93dcf145ca2082c39ad1d`. Source excerpt: { ""chapter_id"": ""empirical_attacks"", ""chapter_title"": ""Empirical Attacks"", ""failure_reason_codes"": [], ""language_source_status"": ""PASS"", ""package_id"": ""OC_CORE_1_4_RELEASE_CANDIDATE"", ""run_id"": ""OC14_DECOMP_ASSEMBLE_BLOCKS_20260511"", ""schema_id"": ""PublicationUnitLanguageSource_v1"", ""section_id"": ""reviewer_attack_response_map..110"", ""source_content_sha256"": ""3d8db224edb2119cd5cdc32f2fc3b9961dd9f88c85f93dcf145ca2082c39ad1d"", ""source_unit_id"": ""reviewer_attack_response_map__empirical_attacks__atom_110"", ""target_artifact_id"": ""reviewer_attack_response_map"", ""target_pdf_filename"": ""OC_CORE_1_4_REVIEWER_ATTACK_RESPONSE_MAP.pdf"", ""target_source_filename"": ""OC_CORE_1_4_REVIEWER_ATTACK_RESPONSE_MAP.md"", ""translation_source_text"": ""Gradients are the main driving potentials of K4 . We define concentration, pH, redox and ionic axes: Agrad = {[Si ], ∆pH, ∆V, ∆redox}. A gradient-evolution process sati","Failure to provide observables, constraints, operators, invariants, falsifier, replay, and verification blocks empirical promotion.",Open until replay/proof chain closes this row without exceeding its claim ceiling.,"Verified against 035 attack_response_rows; row is a mapping/boundary obligation, not an empirical domain proof.",No empirical promotion from this mapping row; domain truth remains governed by the mapped evidence row.,2026-05-22T13:58:29.214747+00:00
OC39-QUEUE-OC35-ATTACK-RESPONSE-MAP-REVIEWER-ATTACK-RESPONSE-MAP-EMPIRICAL-ATTACKS-ATOM-111-H8347273118BA,31,empirical_attack_response_mapping,OC35-ATTACK-RESPONSE-MAP-REVIEWER-ATTACK-RESPONSE-MAP-EMPIRICAL-ATTACKS-ATOM-111-H8347273118BA,reviewer_attack_response_map__empirical_attacks__atom_111__h8347273118ba,FORMALLY_PROVED_NONEMPIRICAL_PROJECTION,NO_SEED_BOUND_YET,,"Map reviewer_attack_response_map__empirical_attacks__atom_111__h8347273118ba to a domain/crown evidence row, repaired counterevidence row, or explicit nonclaim exclusion.",logion/k7/release_missions/oc_core_current/packages/oc_core_1_4/006/language_sources/units/reviewer_attack_response_map__empirical_attacks__atom_111__h8347273118ba.json,"The row is empirically promotable only if a local evidence packet satisfies: Map reviewer_attack_response_map__empirical_attacks__atom_111__h8347273118ba to a domain/crown evidence row, repaired counterevidence row, or explicit nonclaim exclusion.",Bounded empirical projection only; no stronger domain-wide theory language.,logion/k7/release_missions/oc_core_current/packages/oc_core_1_4/006/language_sources/units/reviewer_attack_response_map__empirical_attacks__atom_111__h8347273118ba.json; source_sha256=15d3a35256e4317eca1979a3239540a377de60a5472fb52ad470d5c9cf99bc72; mapped_to=domain evidence/boundary lane `SYSTEMS_CIVILIZATIONAL_PROJECTION` plus 031-040 replay ledgers,"Formal mapping closure for reviewer empirical-attack unit `reviewer_attack_response_map__empirical_attacks__atom_111__h8347273118ba`. Target hint `SYSTEMS_CIVILIZATIONAL_PROJECTION` is mapped to domain evidence/boundary lane `SYSTEMS_CIVILIZATIONAL_PROJECTION` plus 031-040 replay ledgers. This is not empirical promotion; it proves that the attack row is represented by an evidence/boundary obligation. Source hash `15d3a35256e4317eca1979a3239540a377de60a5472fb52ad470d5c9cf99bc72`. Source excerpt: { ""chapter_id"": ""empirical_attacks"", ""chapter_title"": ""Empirical Attacks"", ""failure_reason_codes"": [], ""language_source_status"": ""PASS"", ""package_id"": ""OC_CORE_1_4_RELEASE_CANDIDATE"", ""run_id"": ""OC14_DECOMP_ASSEMBLE_BLOCKS_20260511"", ""schema_id"": ""PublicationUnitLanguageSource_v1"", ""section_id"": ""reviewer_attack_response_map..111"", ""source_content_sha256"": ""15d3a35256e4317eca1979a3239540a377de60a5472fb52ad470d5c9cf99bc72"", ""source_unit_id"": ""reviewer_attack_response_map__empirical_attacks__atom_111"", ""target_artifact_id"": ""reviewer_attack_response_map"", ""target_pdf_filename"": ""OC_CORE_1_4_REVIEWER_ATTACK_RESPONSE_MAP.pdf"", ""target_source_filename"": ""OC_CORE_1_4_REVIEWER_ATTACK_RESPONSE_MAP.md"", ""translation_source_text"": ""Institutions are higher-order attractors regulating multiple norms. Let I be an institutional configuration. Formation: s s Cnorm ◦ Csanction → I. Maintenance processes","Failure to provide observables, constraints, operators, invariants, falsifier, replay, and verification blocks empirical promotion.",Open until replay/proof chain closes this row without exceeding its claim ceiling.,"Verified against 035 attack_response_rows; row is a mapping/boundary obligation, not an empirical domain proof.",No empirical promotion from this mapping row; domain truth remains governed by the mapped evidence row.,2026-05-22T13:58:29.215331+00:00
OC39-QUEUE-OC35-ATTACK-RESPONSE-MAP-REVIEWER-ATTACK-RESPONSE-MAP-EMPIRICAL-ATTACKS-ATOM-112-H862FF7ED6E65,32,empirical_attack_response_mapping,OC35-ATTACK-RESPONSE-MAP-REVIEWER-ATTACK-RESPONSE-MAP-EMPIRICAL-ATTACKS-ATOM-112-H862FF7ED6E65,reviewer_attack_response_map__empirical_attacks__atom_112__h862ff7ed6e65,FORMALLY_PROVED_NONEMPIRICAL_PROJECTION,NO_SEED_BOUND_YET,,"Map reviewer_attack_response_map__empirical_attacks__atom_112__h862ff7ed6e65 to a domain/crown evidence row, repaired counterevidence row, or explicit nonclaim exclusion.",logion/k7/release_missions/oc_core_current/packages/oc_core_1_4/006/language_sources/units/reviewer_attack_response_map__empirical_attacks__atom_112__h862ff7ed6e65.json,"The row is empirically promotable only if a local evidence packet satisfies: Map reviewer_attack_response_map__empirical_attacks__atom_112__h862ff7ed6e65 to a domain/crown evidence row, repaired counterevidence row, or explicit nonclaim exclusion.",Bounded empirical projection only; no stronger domain-wide theory language.,logion/k7/release_missions/oc_core_current/packages/oc_core_1_4/006/language_sources/units/reviewer_attack_response_map__empirical_attacks__atom_112__h862ff7ed6e65.json; source_sha256=34e09a3cb4bf5d4a3edb95a1e63a694af3da69f0e5bd15fbbae7b04f2c22669b; mapped_to=040 article boundary and non-inflation gate,"Formal mapping closure for reviewer empirical-attack unit `reviewer_attack_response_map__empirical_attacks__atom_112__h862ff7ed6e65`. Target hint `GENERAL_EMPIRICAL_ATTACK` is mapped to 040 article boundary and non-inflation gate. This is not empirical promotion; it proves that the attack row is represented by an evidence/boundary obligation. Source hash `34e09a3cb4bf5d4a3edb95a1e63a694af3da69f0e5bd15fbbae7b04f2c22669b`. Source excerpt: { ""chapter_id"": ""empirical_attacks"", ""chapter_title"": ""Empirical Attacks"", ""failure_reason_codes"": [], ""language_source_status"": ""PASS"", ""package_id"": ""OC_CORE_1_4_RELEASE_CANDIDATE"", ""run_id"": ""OC14_DECOMP_ASSEMBLE_BLOCKS_20260511"", ""schema_id"": ""PublicationUnitLanguageSource_v1"", ""section_id"": ""reviewer_attack_response_map..112"", ""source_content_sha256"": ""34e09a3cb4bf5d4a3edb95a1e63a694af3da69f0e5bd15fbbae7b04f2c22669b"", ""source_unit_id"": ""reviewer_attack_response_map__empirical_attacks__atom_112"", ""target_artifact_id"": ""reviewer_attack_response_map"", ""target_pdf_filename"": ""OC_CORE_1_4_REVIEWER_ATTACK_RESPONSE_MAP.pdf"", ""target_source_filename"": ""OC_CORE_1_4_REVIEWER_ATTACK_RESPONSE_MAP.md"", ""translation_source_text"": ""The quantity d(∂Ω) ∈ T∂Ω describes changes of shape and permeability of the boundary, indt. In Empirical Attacks, quantity, describes, changes narrows the evidence lane","Failure to provide observables, constraints, operators, invariants, falsifier, replay, and verification blocks empirical promotion.",Open until replay/proof chain closes this row without exceeding its claim ceiling.,"Verified against 035 attack_response_rows; row is a mapping/boundary obligation, not an empirical domain proof.",No empirical promotion from this mapping row; domain truth remains governed by the mapped evidence row.,2026-05-22T13:58:29.216012+00:00
OC39-QUEUE-OC35-ATTACK-RESPONSE-MAP-REVIEWER-ATTACK-RESPONSE-MAP-EMPIRICAL-ATTACKS-ATOM-113-H0347BEA9334B,33,empirical_attack_response_mapping,OC35-ATTACK-RESPONSE-MAP-REVIEWER-ATTACK-RESPONSE-MAP-EMPIRICAL-ATTACKS-ATOM-113-H0347BEA9334B,reviewer_attack_response_map__empirical_attacks__atom_113__h0347bea9334b,FORMALLY_PROVED_NONEMPIRICAL_PROJECTION,NO_SEED_BOUND_YET,,"Map reviewer_attack_response_map__empirical_attacks__atom_113__h0347bea9334b to a domain/crown evidence row, repaired counterevidence row, or explicit nonclaim exclusion.",logion/k7/release_missions/oc_core_current/packages/oc_core_1_4/006/language_sources/units/reviewer_attack_response_map__empirical_attacks__atom_113__h0347bea9334b.json,"The row is empirically promotable only if a local evidence packet satisfies: Map reviewer_attack_response_map__empirical_attacks__atom_113__h0347bea9334b to a domain/crown evidence row, repaired counterevidence row, or explicit nonclaim exclusion.",Bounded empirical projection only; no stronger domain-wide theory language.,logion/k7/release_missions/oc_core_current/packages/oc_core_1_4/006/language_sources/units/reviewer_attack_response_map__empirical_attacks__atom_113__h0347bea9334b.json; source_sha256=1995d450fdad80227a5a8c18702d214d4cfae32a650f19792a23476af36f462a; mapped_to=040 article boundary and non-inflation gate,"Formal mapping closure for reviewer empirical-attack unit `reviewer_attack_response_map__empirical_attacks__atom_113__h0347bea9334b`. Target hint `GENERAL_EMPIRICAL_ATTACK` is mapped to 040 article boundary and non-inflation gate. This is not empirical promotion; it proves that the attack row is represented by an evidence/boundary obligation. Source hash `1995d450fdad80227a5a8c18702d214d4cfae32a650f19792a23476af36f462a`. Source excerpt: { ""chapter_id"": ""empirical_attacks"", ""chapter_title"": ""Empirical Attacks"", ""failure_reason_codes"": [], ""language_source_status"": ""PASS"", ""package_id"": ""OC_CORE_1_4_RELEASE_CANDIDATE"", ""run_id"": ""OC14_DECOMP_ASSEMBLE_BLOCKS_20260511"", ""schema_id"": ""PublicationUnitLanguageSource_v1"", ""section_id"": ""reviewer_attack_response_map..113"", ""source_content_sha256"": ""1995d450fdad80227a5a8c18702d214d4cfae32a650f19792a23476af36f462a"", ""source_unit_id"": ""reviewer_attack_response_map__empirical_attacks__atom_113"", ""target_artifact_id"": ""reviewer_attack_response_map"", ""target_pdf_filename"": ""OC_CORE_1_4_REVIEWER_ATTACK_RESPONSE_MAP.pdf"", ""target_source_filename"": ""OC_CORE_1_4_REVIEWER_ATTACK_RESPONSE_MAP.md"", ""translation_source_text"": ""Step one is the object grammar. The reader should be able to say what a carrier is, what a realization is, what lawful possibility permits, what liveness means at a tim","Failure to provide observables, constraints, operators, invariants, falsifier, replay, and verification blocks empirical promotion.",Open until replay/proof chain closes this row without exceeding its claim ceiling.,"Verified against 035 attack_response_rows; row is a mapping/boundary obligation, not an empirical domain proof.",No empirical promotion from this mapping row; domain truth remains governed by the mapped evidence row.,2026-05-22T13:58:29.216570+00:00
OC39-QUEUE-OC35-ATTACK-RESPONSE-MAP-REVIEWER-ATTACK-RESPONSE-MAP-EMPIRICAL-ATTACKS-ATOM-114-H5F8510C3262A,34,empirical_attack_response_mapping,OC35-ATTACK-RESPONSE-MAP-REVIEWER-ATTACK-RESPONSE-MAP-EMPIRICAL-ATTACKS-ATOM-114-H5F8510C3262A,reviewer_attack_response_map__empirical_attacks__atom_114__h5f8510c3262a,FORMALLY_PROVED_NONEMPIRICAL_PROJECTION,NO_SEED_BOUND_YET,,"Map reviewer_attack_response_map__empirical_attacks__atom_114__h5f8510c3262a to a domain/crown evidence row, repaired counterevidence row, or explicit nonclaim exclusion.",logion/k7/release_missions/oc_core_current/packages/oc_core_1_4/006/language_sources/units/reviewer_attack_response_map__empirical_attacks__atom_114__h5f8510c3262a.json,"The row is empirically promotable only if a local evidence packet satisfies: Map reviewer_attack_response_map__empirical_attacks__atom_114__h5f8510c3262a to a domain/crown evidence row, repaired counterevidence row, or explicit nonclaim exclusion.",Bounded empirical projection only; no stronger domain-wide theory language.,logion/k7/release_missions/oc_core_current/packages/oc_core_1_4/006/language_sources/units/reviewer_attack_response_map__empirical_attacks__atom_114__h5f8510c3262a.json; source_sha256=82135a62382a693fc6765942db170f9e08d85dd4ae73f9dda8eeed971d7893c1; mapped_to=040 article boundary and non-inflation gate,"Formal mapping closure for reviewer empirical-attack unit `reviewer_attack_response_map__empirical_attacks__atom_114__h5f8510c3262a`. Target hint `GENERAL_EMPIRICAL_ATTACK` is mapped to 040 article boundary and non-inflation gate. This is not empirical promotion; it proves that the attack row is represented by an evidence/boundary obligation. Source hash `82135a62382a693fc6765942db170f9e08d85dd4ae73f9dda8eeed971d7893c1`. Source excerpt: { ""chapter_id"": ""empirical_attacks"", ""chapter_title"": ""Empirical Attacks"", ""failure_reason_codes"": [], ""language_source_status"": ""PASS"", ""package_id"": ""OC_CORE_1_4_RELEASE_CANDIDATE"", ""run_id"": ""OC14_DECOMP_ASSEMBLE_BLOCKS_20260511"", ""schema_id"": ""PublicationUnitLanguageSource_v1"", ""section_id"": ""reviewer_attack_response_map..114"", ""source_content_sha256"": ""82135a62382a693fc6765942db170f9e08d85dd4ae73f9dda8eeed971d7893c1"", ""source_unit_id"": ""reviewer_attack_response_map__empirical_attacks__atom_114"", ""target_artifact_id"": ""reviewer_attack_response_map"", ""target_pdf_filename"": ""OC_CORE_1_4_REVIEWER_ATTACK_RESPONSE_MAP.pdf"", ""target_source_filename"": ""OC_CORE_1_4_REVIEWER_ATTACK_RESPONSE_MAP.md"", ""translation_source_text"": ""2008. Formal differential-geometric machinery is treated as inherited mathematical tooling rather than as an OC novelty claim; Olver is the current compact source witne","Failure to provide observables, constraints, operators, invariants, falsifier, replay, and verification blocks empirical promotion.",Open until replay/proof chain closes this row without exceeding its claim ceiling.,"Verified against 035 attack_response_rows; row is a mapping/boundary obligation, not an empirical domain proof.",No empirical promotion from this mapping row; domain truth remains governed by the mapped evidence row.,2026-05-22T13:58:29.217112+00:00
OC39-QUEUE-OC35-ATTACK-RESPONSE-MAP-REVIEWER-ATTACK-RESPONSE-MAP-EMPIRICAL-ATTACKS-ATOM-115-HA08ADF2CB113,35,empirical_attack_response_mapping,OC35-ATTACK-RESPONSE-MAP-REVIEWER-ATTACK-RESPONSE-MAP-EMPIRICAL-ATTACKS-ATOM-115-HA08ADF2CB113,reviewer_attack_response_map__empirical_attacks__atom_115__ha08adf2cb113,FORMALLY_PROVED_NONEMPIRICAL_PROJECTION,NO_SEED_BOUND_YET,,"Map reviewer_attack_response_map__empirical_attacks__atom_115__ha08adf2cb113 to a domain/crown evidence row, repaired counterevidence row, or explicit nonclaim exclusion.",logion/k7/release_missions/oc_core_current/packages/oc_core_1_4/006/language_sources/units/reviewer_attack_response_map__empirical_attacks__atom_115__ha08adf2cb113.json,"The row is empirically promotable only if a local evidence packet satisfies: Map reviewer_attack_response_map__empirical_attacks__atom_115__ha08adf2cb113 to a domain/crown evidence row, repaired counterevidence row, or explicit nonclaim exclusion.",Bounded empirical projection only; no stronger domain-wide theory language.,logion/k7/release_missions/oc_core_current/packages/oc_core_1_4/006/language_sources/units/reviewer_attack_response_map__empirical_attacks__atom_115__ha08adf2cb113.json; source_sha256=e0cbbc98c5e6842e1710d69e599784d211e0d84520697b57a05447c913f8f1c8; mapped_to=040 article boundary and non-inflation gate,"Formal mapping closure for reviewer empirical-attack unit `reviewer_attack_response_map__empirical_attacks__atom_115__ha08adf2cb113`. Target hint `GENERAL_EMPIRICAL_ATTACK` is mapped to 040 article boundary and non-inflation gate. This is not empirical promotion; it proves that the attack row is represented by an evidence/boundary obligation. Source hash `e0cbbc98c5e6842e1710d69e599784d211e0d84520697b57a05447c913f8f1c8`. Source excerpt: { ""chapter_id"": ""empirical_attacks"", ""chapter_title"": ""Empirical Attacks"", ""failure_reason_codes"": [], ""language_source_status"": ""PASS"", ""package_id"": ""OC_CORE_1_4_RELEASE_CANDIDATE"", ""run_id"": ""OC14_DECOMP_ASSEMBLE_BLOCKS_20260511"", ""schema_id"": ""PublicationUnitLanguageSource_v1"", ""section_id"": ""reviewer_attack_response_map..115"", ""source_content_sha256"": ""e0cbbc98c5e6842e1710d69e599784d211e0d84520697b57a05447c913f8f1c8"", ""source_unit_id"": ""reviewer_attack_response_map__empirical_attacks__atom_115"", ""target_artifact_id"": ""reviewer_attack_response_map"", ""target_pdf_filename"": ""OC_CORE_1_4_REVIEWER_ATTACK_RESPONSE_MAP.pdf"", ""target_source_filename"": ""OC_CORE_1_4_REVIEWER_ATTACK_RESPONSE_MAP.md"", ""translation_source_text"": ""Excluded lift-heavy family reviewed boundary only not in the positive bounded route. This evidence passage turns excluded, lift-heavy, family marks the evidence boundar","Failure to provide observables, constraints, operators, invariants, falsifier, replay, and verification blocks empirical promotion.",Open until replay/proof chain closes this row without exceeding its claim ceiling.,"Verified against 035 attack_response_rows; row is a mapping/boundary obligation, not an empirical domain proof.",No empirical promotion from this mapping row; domain truth remains governed by the mapped evidence row.,2026-05-22T13:58:29.217635+00:00
OC39-QUEUE-OC35-ATTACK-RESPONSE-MAP-REVIEWER-ATTACK-RESPONSE-MAP-EMPIRICAL-ATTACKS-ATOM-116-H0C83741BA51B,36,empirical_attack_response_mapping,OC35-ATTACK-RESPONSE-MAP-REVIEWER-ATTACK-RESPONSE-MAP-EMPIRICAL-ATTACKS-ATOM-116-H0C83741BA51B,reviewer_attack_response_map__empirical_attacks__atom_116__h0c83741ba51b,FORMALLY_PROVED_NONEMPIRICAL_PROJECTION,NO_SEED_BOUND_YET,,"Map reviewer_attack_response_map__empirical_attacks__atom_116__h0c83741ba51b to a domain/crown evidence row, repaired counterevidence row, or explicit nonclaim exclusion.",logion/k7/release_missions/oc_core_current/packages/oc_core_1_4/006/language_sources/units/reviewer_attack_response_map__empirical_attacks__atom_116__h0c83741ba51b.json,"The row is empirically promotable only if a local evidence packet satisfies: Map reviewer_attack_response_map__empirical_attacks__atom_116__h0c83741ba51b to a domain/crown evidence row, repaired counterevidence row, or explicit nonclaim exclusion.",Bounded empirical projection only; no stronger domain-wide theory language.,logion/k7/release_missions/oc_core_current/packages/oc_core_1_4/006/language_sources/units/reviewer_attack_response_map__empirical_attacks__atom_116__h0c83741ba51b.json; source_sha256=fba0a84464c43779c747fdf672a65f3eb47e7141acead1ba16bb597183c8e120; mapped_to=domain evidence/boundary lane `BIOLOGY` plus 031-040 replay ledgers,"Formal mapping closure for reviewer empirical-attack unit `reviewer_attack_response_map__empirical_attacks__atom_116__h0c83741ba51b`. Target hint `BIOLOGY` is mapped to domain evidence/boundary lane `BIOLOGY` plus 031-040 replay ledgers. This is not empirical promotion; it proves that the attack row is represented by an evidence/boundary obligation. Source hash `fba0a84464c43779c747fdf672a65f3eb47e7141acead1ba16bb597183c8e120`. Source excerpt: { ""chapter_id"": ""empirical_attacks"", ""chapter_title"": ""Empirical Attacks"", ""failure_reason_codes"": [], ""language_source_status"": ""PASS"", ""package_id"": ""OC_CORE_1_4_RELEASE_CANDIDATE"", ""run_id"": ""OC14_DECOMP_ASSEMBLE_BLOCKS_20260511"", ""schema_id"": ""PublicationUnitLanguageSource_v1"", ""section_id"": ""reviewer_attack_response_map..116"", ""source_content_sha256"": ""fba0a84464c43779c747fdf672a65f3eb47e7141acead1ba16bb597183c8e120"", ""source_unit_id"": ""reviewer_attack_response_map__empirical_attacks__atom_116"", ""target_artifact_id"": ""reviewer_attack_response_map"", ""target_pdf_filename"": ""OC_CORE_1_4_REVIEWER_ATTACK_RESPONSE_MAP.pdf"", ""target_source_filename"": ""OC_CORE_1_4_REVIEWER_ATTACK_RESPONSE_MAP.md"", ""translation_source_text"": ""Measurable outputs: expression_signature_residual; state_transition_order_error; response_onset_residual. Measurement schema: Choose one bounded biological lane and eva","Failure to provide observables, constraints, operators, invariants, falsifier, replay, and verification blocks empirical promotion.",Open until replay/proof chain closes this row without exceeding its claim ceiling.,"Verified against 035 attack_response_rows; row is a mapping/boundary obligation, not an empirical domain proof.",No empirical promotion from this mapping row; domain truth remains governed by the mapped evidence row.,2026-05-22T13:58:29.218204+00:00
OC39-QUEUE-OC35-ATTACK-RESPONSE-MAP-REVIEWER-ATTACK-RESPONSE-MAP-EMPIRICAL-ATTACKS-ATOM-117-HA1242CA1C801,37,empirical_attack_response_mapping,OC35-ATTACK-RESPONSE-MAP-REVIEWER-ATTACK-RESPONSE-MAP-EMPIRICAL-ATTACKS-ATOM-117-HA1242CA1C801,reviewer_attack_response_map__empirical_attacks__atom_117__ha1242ca1c801,FORMALLY_PROVED_NONEMPIRICAL_PROJECTION,NO_SEED_BOUND_YET,,"Map reviewer_attack_response_map__empirical_attacks__atom_117__ha1242ca1c801 to a domain/crown evidence row, repaired counterevidence row, or explicit nonclaim exclusion.",logion/k7/release_missions/oc_core_current/packages/oc_core_1_4/006/language_sources/units/reviewer_attack_response_map__empirical_attacks__atom_117__ha1242ca1c801.json,"The row is empirically promotable only if a local evidence packet satisfies: Map reviewer_attack_response_map__empirical_attacks__atom_117__ha1242ca1c801 to a domain/crown evidence row, repaired counterevidence row, or explicit nonclaim exclusion.",Bounded empirical projection only; no stronger domain-wide theory language.,logion/k7/release_missions/oc_core_current/packages/oc_core_1_4/006/language_sources/units/reviewer_attack_response_map__empirical_attacks__atom_117__ha1242ca1c801.json; source_sha256=b75341bcb0abd3932984a17baf00a0f4c55ef9056c138150fff3f6f2e9df1606; mapped_to=domain evidence/boundary lane `BIOLOGY` plus 031-040 replay ledgers,"Formal mapping closure for reviewer empirical-attack unit `reviewer_attack_response_map__empirical_attacks__atom_117__ha1242ca1c801`. Target hint `BIOLOGY` is mapped to domain evidence/boundary lane `BIOLOGY` plus 031-040 replay ledgers. This is not empirical promotion; it proves that the attack row is represented by an evidence/boundary obligation. Source hash `b75341bcb0abd3932984a17baf00a0f4c55ef9056c138150fff3f6f2e9df1606`. Source excerpt: { ""chapter_id"": ""empirical_attacks"", ""chapter_title"": ""Empirical Attacks"", ""failure_reason_codes"": [], ""language_source_status"": ""PASS"", ""package_id"": ""OC_CORE_1_4_RELEASE_CANDIDATE"", ""run_id"": ""OC14_DECOMP_ASSEMBLE_BLOCKS_20260511"", ""schema_id"": ""PublicationUnitLanguageSource_v1"", ""section_id"": ""reviewer_attack_response_map..117"", ""source_content_sha256"": ""b75341bcb0abd3932984a17baf00a0f4c55ef9056c138150fff3f6f2e9df1606"", ""source_unit_id"": ""reviewer_attack_response_map__empirical_attacks__atom_117"", ""target_artifact_id"": ""reviewer_attack_response_map"", ""target_pdf_filename"": ""OC_CORE_1_4_REVIEWER_ATTACK_RESPONSE_MAP.pdf"", ""target_source_filename"": ""OC_CORE_1_4_REVIEWER_ATTACK_RESPONSE_MAP.md"", ""translation_source_text"": ""K5 contributes excitable and biological organization. Its public release evidence is biology replay rows and lifecycle semantics. The reviewer challenge is whether live","Failure to provide observables, constraints, operators, invariants, falsifier, replay, and verification blocks empirical promotion.",Open until replay/proof chain closes this row without exceeding its claim ceiling.,"Verified against 035 attack_response_rows; row is a mapping/boundary obligation, not an empirical domain proof.",No empirical promotion from this mapping row; domain truth remains governed by the mapped evidence row.,2026-05-22T13:58:29.218745+00:00
OC39-QUEUE-OC35-ATTACK-RESPONSE-MAP-REVIEWER-ATTACK-RESPONSE-MAP-EMPIRICAL-ATTACKS-ATOM-118-H3D2BF697C293,38,empirical_attack_response_mapping,OC35-ATTACK-RESPONSE-MAP-REVIEWER-ATTACK-RESPONSE-MAP-EMPIRICAL-ATTACKS-ATOM-118-H3D2BF697C293,reviewer_attack_response_map__empirical_attacks__atom_118__h3d2bf697c293,FORMALLY_PROVED_NONEMPIRICAL_PROJECTION,NO_SEED_BOUND_YET,,"Map reviewer_attack_response_map__empirical_attacks__atom_118__h3d2bf697c293 to a domain/crown evidence row, repaired counterevidence row, or explicit nonclaim exclusion.",logion/k7/release_missions/oc_core_current/packages/oc_core_1_4/006/language_sources/units/reviewer_attack_response_map__empirical_attacks__atom_118__h3d2bf697c293.json,"The row is empirically promotable only if a local evidence packet satisfies: Map reviewer_attack_response_map__empirical_attacks__atom_118__h3d2bf697c293 to a domain/crown evidence row, repaired counterevidence row, or explicit nonclaim exclusion.",Bounded empirical projection only; no stronger domain-wide theory language.,logion/k7/release_missions/oc_core_current/packages/oc_core_1_4/006/language_sources/units/reviewer_attack_response_map__empirical_attacks__atom_118__h3d2bf697c293.json; source_sha256=159212300d962252229d01cd6da0130065363d92f158a10b3cf8dbd03b3be2dc; mapped_to=domain evidence/boundary lane `AI_SYSTEMS` plus 031-040 replay ledgers,"Formal mapping closure for reviewer empirical-attack unit `reviewer_attack_response_map__empirical_attacks__atom_118__h3d2bf697c293`. Target hint `AI_SYSTEMS` is mapped to domain evidence/boundary lane `AI_SYSTEMS` plus 031-040 replay ledgers. This is not empirical promotion; it proves that the attack row is represented by an evidence/boundary obligation. Source hash `159212300d962252229d01cd6da0130065363d92f158a10b3cf8dbd03b3be2dc`. Source excerpt: { ""chapter_id"": ""empirical_attacks"", ""chapter_title"": ""Empirical Attacks"", ""failure_reason_codes"": [], ""language_source_status"": ""PASS"", ""package_id"": ""OC_CORE_1_4_RELEASE_CANDIDATE"", ""run_id"": ""OC14_DECOMP_ASSEMBLE_BLOCKS_20260511"", ""schema_id"": ""PublicationUnitLanguageSource_v1"", ""section_id"": ""reviewer_attack_response_map..118"", ""source_content_sha256"": ""159212300d962252229d01cd6da0130065363d92f158a10b3cf8dbd03b3be2dc"", ""source_unit_id"": ""reviewer_attack_response_map__empirical_attacks__atom_118"", ""target_artifact_id"": ""reviewer_attack_response_map"", ""target_pdf_filename"": ""OC_CORE_1_4_REVIEWER_ATTACK_RESPONSE_MAP.pdf"", ""target_source_filename"": ""OC_CORE_1_4_REVIEWER_ATTACK_RESPONSE_MAP.md"", ""translation_source_text"": ""The release claim is therefore scoped: the level is part of the OC model-core grammar where its declared witness obligations are met. For K7, the claim reopens if a low","Failure to provide observables, constraints, operators, invariants, falsifier, replay, and verification blocks empirical promotion.",Open until replay/proof chain closes this row without exceeding its claim ceiling.,"Verified against 035 attack_response_rows; row is a mapping/boundary obligation, not an empirical domain proof.",No empirical promotion from this mapping row; domain truth remains governed by the mapped evidence row.,2026-05-22T13:58:29.219310+00:00
OC39-QUEUE-OC35-ATTACK-RESPONSE-MAP-REVIEWER-ATTACK-RESPONSE-MAP-EMPIRICAL-ATTACKS-ATOM-119-H7338686CDF3B,39,empirical_attack_response_mapping,OC35-ATTACK-RESPONSE-MAP-REVIEWER-ATTACK-RESPONSE-MAP-EMPIRICAL-ATTACKS-ATOM-119-H7338686CDF3B,reviewer_attack_response_map__empirical_attacks__atom_119__h7338686cdf3b,FORMALLY_PROVED_NONEMPIRICAL_PROJECTION,NO_SEED_BOUND_YET,,"Map reviewer_attack_response_map__empirical_attacks__atom_119__h7338686cdf3b to a domain/crown evidence row, repaired counterevidence row, or explicit nonclaim exclusion.",logion/k7/release_missions/oc_core_current/packages/oc_core_1_4/006/language_sources/units/reviewer_attack_response_map__empirical_attacks__atom_119__h7338686cdf3b.json,"The row is empirically promotable only if a local evidence packet satisfies: Map reviewer_attack_response_map__empirical_attacks__atom_119__h7338686cdf3b to a domain/crown evidence row, repaired counterevidence row, or explicit nonclaim exclusion.",Bounded empirical projection only; no stronger domain-wide theory language.,logion/k7/release_missions/oc_core_current/packages/oc_core_1_4/006/language_sources/units/reviewer_attack_response_map__empirical_attacks__atom_119__h7338686cdf3b.json; source_sha256=33d9b62bfe61601d92c7f5f8d9816e023f965410197766107c54075d92aa8198; mapped_to=domain evidence/boundary lane `PHYSICS` plus 031-040 replay ledgers,"Formal mapping closure for reviewer empirical-attack unit `reviewer_attack_response_map__empirical_attacks__atom_119__h7338686cdf3b`. Target hint `PHYSICS` is mapped to domain evidence/boundary lane `PHYSICS` plus 031-040 replay ledgers. This is not empirical promotion; it proves that the attack row is represented by an evidence/boundary obligation. Source hash `33d9b62bfe61601d92c7f5f8d9816e023f965410197766107c54075d92aa8198`. Source excerpt: { ""chapter_id"": ""empirical_attacks"", ""chapter_title"": ""Empirical Attacks"", ""failure_reason_codes"": [], ""language_source_status"": ""PASS"", ""package_id"": ""OC_CORE_1_4_RELEASE_CANDIDATE"", ""run_id"": ""OC14_DECOMP_ASSEMBLE_BLOCKS_20260511"", ""schema_id"": ""PublicationUnitLanguageSource_v1"", ""section_id"": ""reviewer_attack_response_map..119"", ""source_content_sha256"": ""33d9b62bfe61601d92c7f5f8d9816e023f965410197766107c54075d92aa8198"", ""source_unit_id"": ""reviewer_attack_response_map__empirical_attacks__atom_119"", ""target_artifact_id"": ""reviewer_attack_response_map"", ""target_pdf_filename"": ""OC_CORE_1_4_REVIEWER_ATTACK_RESPONSE_MAP.pdf"", ""target_source_filename"": ""OC_CORE_1_4_REVIEWER_ATTACK_RESPONSE_MAP.md"", ""translation_source_text"": ""The bounded synthesis licenses model-core claims about typed continuants, lawful realization, liveness, residue, boundary classification, hybrid update/flow structure, ","Failure to provide observables, constraints, operators, invariants, falsifier, replay, and verification blocks empirical promotion.",Open until replay/proof chain closes this row without exceeding its claim ceiling.,"Verified against 035 attack_response_rows; row is a mapping/boundary obligation, not an empirical domain proof.",No empirical promotion from this mapping row; domain truth remains governed by the mapped evidence row.,2026-05-22T13:58:29.219800+00:00
OC39-QUEUE-OC35-ATTACK-RESPONSE-MAP-REVIEWER-ATTACK-RESPONSE-MAP-EMPIRICAL-ATTACKS-ATOM-120-H72936E341514,40,empirical_attack_response_mapping,OC35-ATTACK-RESPONSE-MAP-REVIEWER-ATTACK-RESPONSE-MAP-EMPIRICAL-ATTACKS-ATOM-120-H72936E341514,reviewer_attack_response_map__empirical_attacks__atom_120__h72936e341514,FORMALLY_PROVED_NONEMPIRICAL_PROJECTION,NO_SEED_BOUND_YET,,"Map reviewer_attack_response_map__empirical_attacks__atom_120__h72936e341514 to a domain/crown evidence row, repaired counterevidence row, or explicit nonclaim exclusion.",logion/k7/release_missions/oc_core_current/packages/oc_core_1_4/006/language_sources/units/reviewer_attack_response_map__empirical_attacks__atom_120__h72936e341514.json,"The row is empirically promotable only if a local evidence packet satisfies: Map reviewer_attack_response_map__empirical_attacks__atom_120__h72936e341514 to a domain/crown evidence row, repaired counterevidence row, or explicit nonclaim exclusion.",Bounded empirical projection only; no stronger domain-wide theory language.,logion/k7/release_missions/oc_core_current/packages/oc_core_1_4/006/language_sources/units/reviewer_attack_response_map__empirical_attacks__atom_120__h72936e341514.json; source_sha256=8dfb35847992d63d980cf2620603f6335ee45d64403e22dad4e878e93546bcf0; mapped_to=040 article boundary and non-inflation gate,"Formal mapping closure for reviewer empirical-attack unit `reviewer_attack_response_map__empirical_attacks__atom_120__h72936e341514`. Target hint `GENERAL_EMPIRICAL_ATTACK` is mapped to 040 article boundary and non-inflation gate. This is not empirical promotion; it proves that the attack row is represented by an evidence/boundary obligation. Source hash `8dfb35847992d63d980cf2620603f6335ee45d64403e22dad4e878e93546bcf0`. Source excerpt: { ""chapter_id"": ""empirical_attacks"", ""chapter_title"": ""Empirical Attacks"", ""failure_reason_codes"": [], ""language_source_status"": ""PASS"", ""package_id"": ""OC_CORE_1_4_RELEASE_CANDIDATE"", ""run_id"": ""OC14_DECOMP_ASSEMBLE_BLOCKS_20260511"", ""schema_id"": ""PublicationUnitLanguageSource_v1"", ""section_id"": ""reviewer_attack_response_map..120"", ""source_content_sha256"": ""8dfb35847992d63d980cf2620603f6335ee45d64403e22dad4e878e93546bcf0"", ""source_unit_id"": ""reviewer_attack_response_map__empirical_attacks__atom_120"", ""target_artifact_id"": ""reviewer_attack_response_map"", ""target_pdf_filename"": ""OC_CORE_1_4_REVIEWER_ATTACK_RESPONSE_MAP.pdf"", ""target_source_filename"": ""OC_CORE_1_4_REVIEWER_ATTACK_RESPONSE_MAP.md"", ""translation_source_text"": ""DoF(X) Degrees of freedom available to the continuum, level, or embedding object X in the local compatibility test. The K0 synthesis rows use DoF(Kx )/DoF(Mx ) as a dim","Failure to provide observables, constraints, operators, invariants, falsifier, replay, and verification blocks empirical promotion.",Open until replay/proof chain closes this row without exceeding its claim ceiling.,"Verified against 035 attack_response_rows; row is a mapping/boundary obligation, not an empirical domain proof.",No empirical promotion from this mapping row; domain truth remains governed by the mapped evidence row.,2026-05-22T13:58:29.220366+00:00
OC39-QUEUE-OC35-ATTACK-RESPONSE-MAP-REVIEWER-ATTACK-RESPONSE-MAP-EMPIRICAL-ATTACKS-ATOM-121-HAD5A09D5FA02,41,empirical_attack_response_mapping,OC35-ATTACK-RESPONSE-MAP-REVIEWER-ATTACK-RESPONSE-MAP-EMPIRICAL-ATTACKS-ATOM-121-HAD5A09D5FA02,reviewer_attack_response_map__empirical_attacks__atom_121__had5a09d5fa02,FORMALLY_PROVED_NONEMPIRICAL_PROJECTION,NO_SEED_BOUND_YET,,"Map reviewer_attack_response_map__empirical_attacks__atom_121__had5a09d5fa02 to a domain/crown evidence row, repaired counterevidence row, or explicit nonclaim exclusion.",logion/k7/release_missions/oc_core_current/packages/oc_core_1_4/006/language_sources/units/reviewer_attack_response_map__empirical_attacks__atom_121__had5a09d5fa02.json,"The row is empirically promotable only if a local evidence packet satisfies: Map reviewer_attack_response_map__empirical_attacks__atom_121__had5a09d5fa02 to a domain/crown evidence row, repaired counterevidence row, or explicit nonclaim exclusion.",Bounded empirical projection only; no stronger domain-wide theory language.,logion/k7/release_missions/oc_core_current/packages/oc_core_1_4/006/language_sources/units/reviewer_attack_response_map__empirical_attacks__atom_121__had5a09d5fa02.json; source_sha256=82789981dec35a35c72d4bedc41c6be9ff53051d90014bb4e54d7df0585bf30c; mapped_to=domain evidence/boundary lane `PHYSICS` plus 031-040 replay ledgers,"Formal mapping closure for reviewer empirical-attack unit `reviewer_attack_response_map__empirical_attacks__atom_121__had5a09d5fa02`. Target hint `PHYSICS` is mapped to domain evidence/boundary lane `PHYSICS` plus 031-040 replay ledgers. This is not empirical promotion; it proves that the attack row is represented by an evidence/boundary obligation. Source hash `82789981dec35a35c72d4bedc41c6be9ff53051d90014bb4e54d7df0585bf30c`. Source excerpt: { ""chapter_id"": ""empirical_attacks"", ""chapter_title"": ""Empirical Attacks"", ""failure_reason_codes"": [], ""language_source_status"": ""PASS"", ""package_id"": ""OC_CORE_1_4_RELEASE_CANDIDATE"", ""run_id"": ""OC14_DECOMP_ASSEMBLE_BLOCKS_20260511"", ""schema_id"": ""PublicationUnitLanguageSource_v1"", ""section_id"": ""reviewer_attack_response_map..121"", ""source_content_sha256"": ""82789981dec35a35c72d4bedc41c6be9ff53051d90014bb4e54d7df0585bf30c"", ""source_unit_id"": ""reviewer_attack_response_map__empirical_attacks__atom_121"", ""target_artifact_id"": ""reviewer_attack_response_map"", ""target_pdf_filename"": ""OC_CORE_1_4_REVIEWER_ATTACK_RESPONSE_MAP.pdf"", ""target_source_filename"": ""OC_CORE_1_4_REVIEWER_ATTACK_RESPONSE_MAP.md"", ""translation_source_text"": ""Table 8: Continuum hierarchy K0 –K12 . Domain Structural characterisation Structural subSet of distinguishable states (S, ∆, C), no time, no energy, strate no geometry;","Failure to provide observables, constraints, operators, invariants, falsifier, replay, and verification blocks empirical promotion.",Open until replay/proof chain closes this row without exceeding its claim ceiling.,"Verified against 035 attack_response_rows; row is a mapping/boundary obligation, not an empirical domain proof.",No empirical promotion from this mapping row; domain truth remains governed by the mapped evidence row.,2026-05-22T13:58:29.220921+00:00
OC39-QUEUE-OC35-ATTACK-RESPONSE-MAP-REVIEWER-ATTACK-RESPONSE-MAP-EMPIRICAL-ATTACKS-ATOM-122-HA3A8BFF123E2,42,empirical_attack_response_mapping,OC35-ATTACK-RESPONSE-MAP-REVIEWER-ATTACK-RESPONSE-MAP-EMPIRICAL-ATTACKS-ATOM-122-HA3A8BFF123E2,reviewer_attack_response_map__empirical_attacks__atom_122__ha3a8bff123e2,FORMALLY_PROVED_NONEMPIRICAL_PROJECTION,NO_SEED_BOUND_YET,,"Map reviewer_attack_response_map__empirical_attacks__atom_122__ha3a8bff123e2 to a domain/crown evidence row, repaired counterevidence row, or explicit nonclaim exclusion.",logion/k7/release_missions/oc_core_current/packages/oc_core_1_4/006/language_sources/units/reviewer_attack_response_map__empirical_attacks__atom_122__ha3a8bff123e2.json,"The row is empirically promotable only if a local evidence packet satisfies: Map reviewer_attack_response_map__empirical_attacks__atom_122__ha3a8bff123e2 to a domain/crown evidence row, repaired counterevidence row, or explicit nonclaim exclusion.",Bounded empirical projection only; no stronger domain-wide theory language.,logion/k7/release_missions/oc_core_current/packages/oc_core_1_4/006/language_sources/units/reviewer_attack_response_map__empirical_attacks__atom_122__ha3a8bff123e2.json; source_sha256=5f5244fdac73f3337827c0e92e50c0a8ee089aa621a907744b20c7771a8bbcb4; mapped_to=040 article boundary and non-inflation gate,"Formal mapping closure for reviewer empirical-attack unit `reviewer_attack_response_map__empirical_attacks__atom_122__ha3a8bff123e2`. Target hint `GENERAL_EMPIRICAL_ATTACK` is mapped to 040 article boundary and non-inflation gate. This is not empirical promotion; it proves that the attack row is represented by an evidence/boundary obligation. Source hash `5f5244fdac73f3337827c0e92e50c0a8ee089aa621a907744b20c7771a8bbcb4`. Source excerpt: { ""chapter_id"": ""empirical_attacks"", ""chapter_title"": ""Empirical Attacks"", ""failure_reason_codes"": [], ""language_source_status"": ""PASS"", ""package_id"": ""OC_CORE_1_4_RELEASE_CANDIDATE"", ""run_id"": ""OC14_DECOMP_ASSEMBLE_BLOCKS_20260511"", ""schema_id"": ""PublicationUnitLanguageSource_v1"", ""section_id"": ""reviewer_attack_response_map..122"", ""source_content_sha256"": ""5f5244fdac73f3337827c0e92e50c0a8ee089aa621a907744b20c7771a8bbcb4"", ""source_unit_id"": ""reviewer_attack_response_map__empirical_attacks__atom_122"", ""target_artifact_id"": ""reviewer_attack_response_map"", ""target_pdf_filename"": ""OC_CORE_1_4_REVIEWER_ATTACK_RESPONSE_MAP.pdf"", ""target_source_filename"": ""OC_CORE_1_4_REVIEWER_ATTACK_RESPONSE_MAP.md"", ""translation_source_text"": ""Here fourth, check, deliberately as a local distinction rather than a status note. positive marks where the claim would narrow. The reader should meet fourth, check, de","Failure to provide observables, constraints, operators, invariants, falsifier, replay, and verification blocks empirical promotion.",Open until replay/proof chain closes this row without exceeding its claim ceiling.,"Verified against 035 attack_response_rows; row is a mapping/boundary obligation, not an empirical domain proof.",No empirical promotion from this mapping row; domain truth remains governed by the mapped evidence row.,2026-05-22T13:58:29.221529+00:00
OC39-QUEUE-OC35-ATTACK-RESPONSE-MAP-REVIEWER-ATTACK-RESPONSE-MAP-EMPIRICAL-ATTACKS-ATOM-123-H408472654B7A,43,empirical_attack_response_mapping,OC35-ATTACK-RESPONSE-MAP-REVIEWER-ATTACK-RESPONSE-MAP-EMPIRICAL-ATTACKS-ATOM-123-H408472654B7A,reviewer_attack_response_map__empirical_attacks__atom_123__h408472654b7a,FORMALLY_PROVED_NONEMPIRICAL_PROJECTION,NO_SEED_BOUND_YET,,"Map reviewer_attack_response_map__empirical_attacks__atom_123__h408472654b7a to a domain/crown evidence row, repaired counterevidence row, or explicit nonclaim exclusion.",logion/k7/release_missions/oc_core_current/packages/oc_core_1_4/006/language_sources/units/reviewer_attack_response_map__empirical_attacks__atom_123__h408472654b7a.json,"The row is empirically promotable only if a local evidence packet satisfies: Map reviewer_attack_response_map__empirical_attacks__atom_123__h408472654b7a to a domain/crown evidence row, repaired counterevidence row, or explicit nonclaim exclusion.",Bounded empirical projection only; no stronger domain-wide theory language.,logion/k7/release_missions/oc_core_current/packages/oc_core_1_4/006/language_sources/units/reviewer_attack_response_map__empirical_attacks__atom_123__h408472654b7a.json; source_sha256=48f867f7298a91ed8295aedb2277b93c4dff304826ca24fd22a679e248383a70; mapped_to=040 article boundary and non-inflation gate,"Formal mapping closure for reviewer empirical-attack unit `reviewer_attack_response_map__empirical_attacks__atom_123__h408472654b7a`. Target hint `GENERAL_EMPIRICAL_ATTACK` is mapped to 040 article boundary and non-inflation gate. This is not empirical promotion; it proves that the attack row is represented by an evidence/boundary obligation. Source hash `48f867f7298a91ed8295aedb2277b93c4dff304826ca24fd22a679e248383a70`. Source excerpt: { ""chapter_id"": ""empirical_attacks"", ""chapter_title"": ""Empirical Attacks"", ""failure_reason_codes"": [], ""language_source_status"": ""PASS"", ""package_id"": ""OC_CORE_1_4_RELEASE_CANDIDATE"", ""run_id"": ""OC14_DECOMP_ASSEMBLE_BLOCKS_20260511"", ""schema_id"": ""PublicationUnitLanguageSource_v1"", ""section_id"": ""reviewer_attack_response_map..123"", ""source_content_sha256"": ""48f867f7298a91ed8295aedb2277b93c4dff304826ca24fd22a679e248383a70"", ""source_unit_id"": ""reviewer_attack_response_map__empirical_attacks__atom_123"", ""target_artifact_id"": ""reviewer_attack_response_map"", ""target_pdf_filename"": ""OC_CORE_1_4_REVIEWER_ATTACK_RESPONSE_MAP.pdf"", ""target_source_filename"": ""OC_CORE_1_4_REVIEWER_ATTACK_RESPONSE_MAP.md"", ""translation_source_text"": ""The evidence argument takes fourth, check, deliberately through its admissible failure condition. positive carries the local consequence. At this point in Empirical Att","Failure to provide observables, constraints, operators, invariants, falsifier, replay, and verification blocks empirical promotion.",Open until replay/proof chain closes this row without exceeding its claim ceiling.,"Verified against 035 attack_response_rows; row is a mapping/boundary obligation, not an empirical domain proof.",No empirical promotion from this mapping row; domain truth remains governed by the mapped evidence row.,2026-05-22T13:58:29.222091+00:00
OC39-QUEUE-OC35-ATTACK-RESPONSE-MAP-REVIEWER-ATTACK-RESPONSE-MAP-EMPIRICAL-ATTACKS-ATOM-124-H07597D6FD745,44,empirical_attack_response_mapping,OC35-ATTACK-RESPONSE-MAP-REVIEWER-ATTACK-RESPONSE-MAP-EMPIRICAL-ATTACKS-ATOM-124-H07597D6FD745,reviewer_attack_response_map__empirical_attacks__atom_124__h07597d6fd745,FORMALLY_PROVED_NONEMPIRICAL_PROJECTION,NO_SEED_BOUND_YET,,"Map reviewer_attack_response_map__empirical_attacks__atom_124__h07597d6fd745 to a domain/crown evidence row, repaired counterevidence row, or explicit nonclaim exclusion.",logion/k7/release_missions/oc_core_current/packages/oc_core_1_4/006/language_sources/units/reviewer_attack_response_map__empirical_attacks__atom_124__h07597d6fd745.json,"The row is empirically promotable only if a local evidence packet satisfies: Map reviewer_attack_response_map__empirical_attacks__atom_124__h07597d6fd745 to a domain/crown evidence row, repaired counterevidence row, or explicit nonclaim exclusion.",Bounded empirical projection only; no stronger domain-wide theory language.,logion/k7/release_missions/oc_core_current/packages/oc_core_1_4/006/language_sources/units/reviewer_attack_response_map__empirical_attacks__atom_124__h07597d6fd745.json; source_sha256=ae358455d5e982cca01b92a225613a61210f341ec439cc610d776d9226ffadef; mapped_to=040 article boundary and non-inflation gate,"Formal mapping closure for reviewer empirical-attack unit `reviewer_attack_response_map__empirical_attacks__atom_124__h07597d6fd745`. Target hint `GENERAL_EMPIRICAL_ATTACK` is mapped to 040 article boundary and non-inflation gate. This is not empirical promotion; it proves that the attack row is represented by an evidence/boundary obligation. Source hash `ae358455d5e982cca01b92a225613a61210f341ec439cc610d776d9226ffadef`. Source excerpt: { ""chapter_id"": ""empirical_attacks"", ""chapter_title"": ""Empirical Attacks"", ""failure_reason_codes"": [], ""language_source_status"": ""PASS"", ""package_id"": ""OC_CORE_1_4_RELEASE_CANDIDATE"", ""run_id"": ""OC14_DECOMP_ASSEMBLE_BLOCKS_20260511"", ""schema_id"": ""PublicationUnitLanguageSource_v1"", ""section_id"": ""reviewer_attack_response_map..124"", ""source_content_sha256"": ""ae358455d5e982cca01b92a225613a61210f341ec439cc610d776d9226ffadef"", ""source_unit_id"": ""reviewer_attack_response_map__empirical_attacks__atom_124"", ""target_artifact_id"": ""reviewer_attack_response_map"", ""target_pdf_filename"": ""OC_CORE_1_4_REVIEWER_ATTACK_RESPONSE_MAP.pdf"", ""target_source_filename"": ""OC_CORE_1_4_REVIEWER_ATTACK_RESPONSE_MAP.md"", ""translation_source_text"": ""The evidence argument takes fourth, check, deliberately through its admissible failure condition. positive marks where the claim would narrow. At this point in Empirica","Failure to provide observables, constraints, operators, invariants, falsifier, replay, and verification blocks empirical promotion.",Open until replay/proof chain closes this row without exceeding its claim ceiling.,"Verified against 035 attack_response_rows; row is a mapping/boundary obligation, not an empirical domain proof.",No empirical promotion from this mapping row; domain truth remains governed by the mapped evidence row.,2026-05-22T13:58:29.222683+00:00
OC39-QUEUE-OC35-ATTACK-RESPONSE-MAP-REVIEWER-ATTACK-RESPONSE-MAP-EMPIRICAL-ATTACKS-ATOM-125-H77426666B593,45,empirical_attack_response_mapping,OC35-ATTACK-RESPONSE-MAP-REVIEWER-ATTACK-RESPONSE-MAP-EMPIRICAL-ATTACKS-ATOM-125-H77426666B593,reviewer_attack_response_map__empirical_attacks__atom_125__h77426666b593,FORMALLY_PROVED_NONEMPIRICAL_PROJECTION,NO_SEED_BOUND_YET,,"Map reviewer_attack_response_map__empirical_attacks__atom_125__h77426666b593 to a domain/crown evidence row, repaired counterevidence row, or explicit nonclaim exclusion.",logion/k7/release_missions/oc_core_current/packages/oc_core_1_4/006/language_sources/units/reviewer_attack_response_map__empirical_attacks__atom_125__h77426666b593.json,"The row is empirically promotable only if a local evidence packet satisfies: Map reviewer_attack_response_map__empirical_attacks__atom_125__h77426666b593 to a domain/crown evidence row, repaired counterevidence row, or explicit nonclaim exclusion.",Bounded empirical projection only; no stronger domain-wide theory language.,logion/k7/release_missions/oc_core_current/packages/oc_core_1_4/006/language_sources/units/reviewer_attack_response_map__empirical_attacks__atom_125__h77426666b593.json; source_sha256=fca9eed5d27d3733d081909e8bfc7b82e2425dc8bc07ff258b21f99658c555e1; mapped_to=040 article boundary and non-inflation gate,"Formal mapping closure for reviewer empirical-attack unit `reviewer_attack_response_map__empirical_attacks__atom_125__h77426666b593`. Target hint `GENERAL_EMPIRICAL_ATTACK` is mapped to 040 article boundary and non-inflation gate. This is not empirical promotion; it proves that the attack row is represented by an evidence/boundary obligation. Source hash `fca9eed5d27d3733d081909e8bfc7b82e2425dc8bc07ff258b21f99658c555e1`. Source excerpt: { ""chapter_id"": ""empirical_attacks"", ""chapter_title"": ""Empirical Attacks"", ""failure_reason_codes"": [], ""language_source_status"": ""PASS"", ""package_id"": ""OC_CORE_1_4_RELEASE_CANDIDATE"", ""run_id"": ""OC14_DECOMP_ASSEMBLE_BLOCKS_20260511"", ""schema_id"": ""PublicationUnitLanguageSource_v1"", ""section_id"": ""reviewer_attack_response_map..125"", ""source_content_sha256"": ""fca9eed5d27d3733d081909e8bfc7b82e2425dc8bc07ff258b21f99658c555e1"", ""source_unit_id"": ""reviewer_attack_response_map__empirical_attacks__atom_125"", ""target_artifact_id"": ""reviewer_attack_response_map"", ""target_pdf_filename"": ""OC_CORE_1_4_REVIEWER_ATTACK_RESPONSE_MAP.pdf"", ""target_source_filename"": ""OC_CORE_1_4_REVIEWER_ATTACK_RESPONSE_MAP.md"", ""translation_source_text"": ""This boundary is part of the source’s scientific content, not a marketing caveat. Synthesis checkpoint after 24 indexed modules in m_spaces. The preceding modules teach","Failure to provide observables, constraints, operators, invariants, falsifier, replay, and verification blocks empirical promotion.",Open until replay/proof chain closes this row without exceeding its claim ceiling.,"Verified against 035 attack_response_rows; row is a mapping/boundary obligation, not an empirical domain proof.",No empirical promotion from this mapping row; domain truth remains governed by the mapped evidence row.,2026-05-22T13:58:29.223249+00:00
OC39-QUEUE-OC35-ATTACK-RESPONSE-MAP-REVIEWER-ATTACK-RESPONSE-MAP-EMPIRICAL-ATTACKS-ATOM-126-H78676F77CBEF,46,empirical_attack_response_mapping,OC35-ATTACK-RESPONSE-MAP-REVIEWER-ATTACK-RESPONSE-MAP-EMPIRICAL-ATTACKS-ATOM-126-H78676F77CBEF,reviewer_attack_response_map__empirical_attacks__atom_126__h78676f77cbef,FORMALLY_PROVED_NONEMPIRICAL_PROJECTION,NO_SEED_BOUND_YET,,"Map reviewer_attack_response_map__empirical_attacks__atom_126__h78676f77cbef to a domain/crown evidence row, repaired counterevidence row, or explicit nonclaim exclusion.",logion/k7/release_missions/oc_core_current/packages/oc_core_1_4/006/language_sources/units/reviewer_attack_response_map__empirical_attacks__atom_126__h78676f77cbef.json,"The row is empirically promotable only if a local evidence packet satisfies: Map reviewer_attack_response_map__empirical_attacks__atom_126__h78676f77cbef to a domain/crown evidence row, repaired counterevidence row, or explicit nonclaim exclusion.",Bounded empirical projection only; no stronger domain-wide theory language.,logion/k7/release_missions/oc_core_current/packages/oc_core_1_4/006/language_sources/units/reviewer_attack_response_map__empirical_attacks__atom_126__h78676f77cbef.json; source_sha256=f4615ba0375b329045272ca2928668777694b0280946eaf52431bb21290699b8; mapped_to=040 article boundary and non-inflation gate,"Formal mapping closure for reviewer empirical-attack unit `reviewer_attack_response_map__empirical_attacks__atom_126__h78676f77cbef`. Target hint `GENERAL_EMPIRICAL_ATTACK` is mapped to 040 article boundary and non-inflation gate. This is not empirical promotion; it proves that the attack row is represented by an evidence/boundary obligation. Source hash `f4615ba0375b329045272ca2928668777694b0280946eaf52431bb21290699b8`. Source excerpt: { ""chapter_id"": ""empirical_attacks"", ""chapter_title"": ""Empirical Attacks"", ""failure_reason_codes"": [], ""language_source_status"": ""PASS"", ""package_id"": ""OC_CORE_1_4_RELEASE_CANDIDATE"", ""run_id"": ""OC14_DECOMP_ASSEMBLE_BLOCKS_20260511"", ""schema_id"": ""PublicationUnitLanguageSource_v1"", ""section_id"": ""reviewer_attack_response_map..126"", ""source_content_sha256"": ""f4615ba0375b329045272ca2928668777694b0280946eaf52431bb21290699b8"", ""source_unit_id"": ""reviewer_attack_response_map__empirical_attacks__atom_126"", ""target_artifact_id"": ""reviewer_attack_response_map"", ""target_pdf_filename"": ""OC_CORE_1_4_REVIEWER_ATTACK_RESPONSE_MAP.pdf"", ""target_source_filename"": ""OC_CORE_1_4_REVIEWER_ATTACK_RESPONSE_MAP.md"", ""translation_source_text"": ""Empirical Attacks reframes fourth, check, deliberately through its admissible failure condition. positive keeps the result tied to its support. In Empirical Attacks, fo","Failure to provide observables, constraints, operators, invariants, falsifier, replay, and verification blocks empirical promotion.",Open until replay/proof chain closes this row without exceeding its claim ceiling.,"Verified against 035 attack_response_rows; row is a mapping/boundary obligation, not an empirical domain proof.",No empirical promotion from this mapping row; domain truth remains governed by the mapped evidence row.,2026-05-22T13:58:29.223857+00:00
OC39-QUEUE-OC35-ATTACK-RESPONSE-MAP-REVIEWER-ATTACK-RESPONSE-MAP-EMPIRICAL-ATTACKS-ATOM-127-H6FF28784EC0A,47,empirical_attack_response_mapping,OC35-ATTACK-RESPONSE-MAP-REVIEWER-ATTACK-RESPONSE-MAP-EMPIRICAL-ATTACKS-ATOM-127-H6FF28784EC0A,reviewer_attack_response_map__empirical_attacks__atom_127__h6ff28784ec0a,FORMALLY_PROVED_NONEMPIRICAL_PROJECTION,NO_SEED_BOUND_YET,,"Map reviewer_attack_response_map__empirical_attacks__atom_127__h6ff28784ec0a to a domain/crown evidence row, repaired counterevidence row, or explicit nonclaim exclusion.",logion/k7/release_missions/oc_core_current/packages/oc_core_1_4/006/language_sources/units/reviewer_attack_response_map__empirical_attacks__atom_127__h6ff28784ec0a.json,"The row is empirically promotable only if a local evidence packet satisfies: Map reviewer_attack_response_map__empirical_attacks__atom_127__h6ff28784ec0a to a domain/crown evidence row, repaired counterevidence row, or explicit nonclaim exclusion.",Bounded empirical projection only; no stronger domain-wide theory language.,logion/k7/release_missions/oc_core_current/packages/oc_core_1_4/006/language_sources/units/reviewer_attack_response_map__empirical_attacks__atom_127__h6ff28784ec0a.json; source_sha256=588ba45289f414edbdf997f3148c2af525a5a699cb06ac13db5981a97a2aab93; mapped_to=040 article boundary and non-inflation gate,"Formal mapping closure for reviewer empirical-attack unit `reviewer_attack_response_map__empirical_attacks__atom_127__h6ff28784ec0a`. Target hint `GENERAL_EMPIRICAL_ATTACK` is mapped to 040 article boundary and non-inflation gate. This is not empirical promotion; it proves that the attack row is represented by an evidence/boundary obligation. Source hash `588ba45289f414edbdf997f3148c2af525a5a699cb06ac13db5981a97a2aab93`. Source excerpt: { ""chapter_id"": ""empirical_attacks"", ""chapter_title"": ""Empirical Attacks"", ""failure_reason_codes"": [], ""language_source_status"": ""PASS"", ""package_id"": ""OC_CORE_1_4_RELEASE_CANDIDATE"", ""run_id"": ""OC14_DECOMP_ASSEMBLE_BLOCKS_20260511"", ""schema_id"": ""PublicationUnitLanguageSource_v1"", ""section_id"": ""reviewer_attack_response_map..127"", ""source_content_sha256"": ""588ba45289f414edbdf997f3148c2af525a5a699cb06ac13db5981a97a2aab93"", ""source_unit_id"": ""reviewer_attack_response_map__empirical_attacks__atom_127"", ""target_artifact_id"": ""reviewer_attack_response_map"", ""target_pdf_filename"": ""OC_CORE_1_4_REVIEWER_ATTACK_RESPONSE_MAP.pdf"", ""target_source_filename"": ""OC_CORE_1_4_REVIEWER_ATTACK_RESPONSE_MAP.md"", ""translation_source_text"": ""Empirical Attacks uses fourth, check, deliberately as a local distinction rather than a status note. positive tells the reader what remains open. Here fourth, check, de","Failure to provide observables, constraints, operators, invariants, falsifier, replay, and verification blocks empirical promotion.",Open until replay/proof chain closes this row without exceeding its claim ceiling.,"Verified against 035 attack_response_rows; row is a mapping/boundary obligation, not an empirical domain proof.",No empirical promotion from this mapping row; domain truth remains governed by the mapped evidence row.,2026-05-22T13:58:29.224349+00:00
OC39-QUEUE-OC35-ATTACK-RESPONSE-MAP-REVIEWER-ATTACK-RESPONSE-MAP-EMPIRICAL-ATTACKS-ATOM-128-H6366EE6B8F34,48,empirical_attack_response_mapping,OC35-ATTACK-RESPONSE-MAP-REVIEWER-ATTACK-RESPONSE-MAP-EMPIRICAL-ATTACKS-ATOM-128-H6366EE6B8F34,reviewer_attack_response_map__empirical_attacks__atom_128__h6366ee6b8f34,FORMALLY_PROVED_NONEMPIRICAL_PROJECTION,NO_SEED_BOUND_YET,,"Map reviewer_attack_response_map__empirical_attacks__atom_128__h6366ee6b8f34 to a domain/crown evidence row, repaired counterevidence row, or explicit nonclaim exclusion.",logion/k7/release_missions/oc_core_current/packages/oc_core_1_4/006/language_sources/units/reviewer_attack_response_map__empirical_attacks__atom_128__h6366ee6b8f34.json,"The row is empirically promotable only if a local evidence packet satisfies: Map reviewer_attack_response_map__empirical_attacks__atom_128__h6366ee6b8f34 to a domain/crown evidence row, repaired counterevidence row, or explicit nonclaim exclusion.",Bounded empirical projection only; no stronger domain-wide theory language.,logion/k7/release_missions/oc_core_current/packages/oc_core_1_4/006/language_sources/units/reviewer_attack_response_map__empirical_attacks__atom_128__h6366ee6b8f34.json; source_sha256=2a3c787529c93c96610841add5599df8dcd3573593edc9f5a7b2c466e9d35f48; mapped_to=040 article boundary and non-inflation gate,"Formal mapping closure for reviewer empirical-attack unit `reviewer_attack_response_map__empirical_attacks__atom_128__h6366ee6b8f34`. Target hint `GENERAL_EMPIRICAL_ATTACK` is mapped to 040 article boundary and non-inflation gate. This is not empirical promotion; it proves that the attack row is represented by an evidence/boundary obligation. Source hash `2a3c787529c93c96610841add5599df8dcd3573593edc9f5a7b2c466e9d35f48`. Source excerpt: { ""chapter_id"": ""empirical_attacks"", ""chapter_title"": ""Empirical Attacks"", ""failure_reason_codes"": [], ""language_source_status"": ""PASS"", ""package_id"": ""OC_CORE_1_4_RELEASE_CANDIDATE"", ""run_id"": ""OC14_DECOMP_ASSEMBLE_BLOCKS_20260511"", ""schema_id"": ""PublicationUnitLanguageSource_v1"", ""section_id"": ""reviewer_attack_response_map..128"", ""source_content_sha256"": ""2a3c787529c93c96610841add5599df8dcd3573593edc9f5a7b2c466e9d35f48"", ""source_unit_id"": ""reviewer_attack_response_map__empirical_attacks__atom_128"", ""target_artifact_id"": ""reviewer_attack_response_map"", ""target_pdf_filename"": ""OC_CORE_1_4_REVIEWER_ATTACK_RESPONSE_MAP.pdf"", ""target_source_filename"": ""OC_CORE_1_4_REVIEWER_ATTACK_RESPONSE_MAP.md"", ""translation_source_text"": ""Cognitive cycles arise because cognitive states must be actively maintained against noise, instability and representational decay. Every cycle on K6 expresses a closed-","Failure to provide observables, constraints, operators, invariants, falsifier, replay, and verification blocks empirical promotion.",Open until replay/proof chain closes this row without exceeding its claim ceiling.,"Verified against 035 attack_response_rows; row is a mapping/boundary obligation, not an empirical domain proof.",No empirical promotion from this mapping row; domain truth remains governed by the mapped evidence row.,2026-05-22T13:58:29.224914+00:00
OC39-QUEUE-OC35-ATTACK-RESPONSE-MAP-REVIEWER-ATTACK-RESPONSE-MAP-EMPIRICAL-ATTACKS-ATOM-129-H1DBA08D257E1,49,empirical_attack_response_mapping,OC35-ATTACK-RESPONSE-MAP-REVIEWER-ATTACK-RESPONSE-MAP-EMPIRICAL-ATTACKS-ATOM-129-H1DBA08D257E1,reviewer_attack_response_map__empirical_attacks__atom_129__h1dba08d257e1,FORMALLY_PROVED_NONEMPIRICAL_PROJECTION,NO_SEED_BOUND_YET,,"Map reviewer_attack_response_map__empirical_attacks__atom_129__h1dba08d257e1 to a domain/crown evidence row, repaired counterevidence row, or explicit nonclaim exclusion.",logion/k7/release_missions/oc_core_current/packages/oc_core_1_4/006/language_sources/units/reviewer_attack_response_map__empirical_attacks__atom_129__h1dba08d257e1.json,"The row is empirically promotable only if a local evidence packet satisfies: Map reviewer_attack_response_map__empirical_attacks__atom_129__h1dba08d257e1 to a domain/crown evidence row, repaired counterevidence row, or explicit nonclaim exclusion.",Bounded empirical projection only; no stronger domain-wide theory language.,logion/k7/release_missions/oc_core_current/packages/oc_core_1_4/006/language_sources/units/reviewer_attack_response_map__empirical_attacks__atom_129__h1dba08d257e1.json; source_sha256=42c55a008e12311ed8e334399537d354d4f4427fb467a0bb274da3c8bb3393a4; mapped_to=domain evidence/boundary lane `PHYSICS` plus 031-040 replay ledgers,"Formal mapping closure for reviewer empirical-attack unit `reviewer_attack_response_map__empirical_attacks__atom_129__h1dba08d257e1`. Target hint `PHYSICS` is mapped to domain evidence/boundary lane `PHYSICS` plus 031-040 replay ledgers. This is not empirical promotion; it proves that the attack row is represented by an evidence/boundary obligation. Source hash `42c55a008e12311ed8e334399537d354d4f4427fb467a0bb274da3c8bb3393a4`. Source excerpt: { ""chapter_id"": ""empirical_attacks"", ""chapter_title"": ""Empirical Attacks"", ""failure_reason_codes"": [], ""language_source_status"": ""PASS"", ""package_id"": ""OC_CORE_1_4_RELEASE_CANDIDATE"", ""run_id"": ""OC14_DECOMP_ASSEMBLE_BLOCKS_20260511"", ""schema_id"": ""PublicationUnitLanguageSource_v1"", ""section_id"": ""reviewer_attack_response_map..129"", ""source_content_sha256"": ""42c55a008e12311ed8e334399537d354d4f4427fb467a0bb274da3c8bb3393a4"", ""source_unit_id"": ""reviewer_attack_response_map__empirical_attacks__atom_129"", ""target_artifact_id"": ""reviewer_attack_response_map"", ""target_pdf_filename"": ""OC_CORE_1_4_REVIEWER_ATTACK_RESPONSE_MAP.pdf"", ""target_source_filename"": ""OC_CORE_1_4_REVIEWER_ATTACK_RESPONSE_MAP.md"", ""translation_source_text"": ""The core cognitive cycle arises from predictive processing, governed by the flow JPE (the corresponding derivation note): \b t +τ CPE = (Ppred (t), Prep (t), Perror (t)","Failure to provide observables, constraints, operators, invariants, falsifier, replay, and verification blocks empirical promotion.",Open until replay/proof chain closes this row without exceeding its claim ceiling.,"Verified against 035 attack_response_rows; row is a mapping/boundary obligation, not an empirical domain proof.",No empirical promotion from this mapping row; domain truth remains governed by the mapped evidence row.,2026-05-22T13:58:29.225484+00:00
OC39-QUEUE-OC35-ATTACK-RESPONSE-MAP-REVIEWER-ATTACK-RESPONSE-MAP-EMPIRICAL-ATTACKS-ATOM-130-H79A3AE812176,50,empirical_attack_response_mapping,OC35-ATTACK-RESPONSE-MAP-REVIEWER-ATTACK-RESPONSE-MAP-EMPIRICAL-ATTACKS-ATOM-130-H79A3AE812176,reviewer_attack_response_map__empirical_attacks__atom_130__h79a3ae812176,FORMALLY_PROVED_NONEMPIRICAL_PROJECTION,NO_SEED_BOUND_YET,,"Map reviewer_attack_response_map__empirical_attacks__atom_130__h79a3ae812176 to a domain/crown evidence row, repaired counterevidence row, or explicit nonclaim exclusion.",logion/k7/release_missions/oc_core_current/packages/oc_core_1_4/006/language_sources/units/reviewer_attack_response_map__empirical_attacks__atom_130__h79a3ae812176.json,"The row is empirically promotable only if a local evidence packet satisfies: Map reviewer_attack_response_map__empirical_attacks__atom_130__h79a3ae812176 to a domain/crown evidence row, repaired counterevidence row, or explicit nonclaim exclusion.",Bounded empirical projection only; no stronger domain-wide theory language.,logion/k7/release_missions/oc_core_current/packages/oc_core_1_4/006/language_sources/units/reviewer_attack_response_map__empirical_attacks__atom_130__h79a3ae812176.json; source_sha256=99240062e1eb056a9a684130c3624d361af73d40b40da6020aa9e78825c21d3b; mapped_to=040 article boundary and non-inflation gate,"Formal mapping closure for reviewer empirical-attack unit `reviewer_attack_response_map__empirical_attacks__atom_130__h79a3ae812176`. Target hint `GENERAL_EMPIRICAL_ATTACK` is mapped to 040 article boundary and non-inflation gate. This is not empirical promotion; it proves that the attack row is represented by an evidence/boundary obligation. Source hash `99240062e1eb056a9a684130c3624d361af73d40b40da6020aa9e78825c21d3b`. Source excerpt: { ""chapter_id"": ""empirical_attacks"", ""chapter_title"": ""Empirical Attacks"", ""failure_reason_codes"": [], ""language_source_status"": ""PASS"", ""package_id"": ""OC_CORE_1_4_RELEASE_CANDIDATE"", ""run_id"": ""OC14_DECOMP_ASSEMBLE_BLOCKS_20260511"", ""schema_id"": ""PublicationUnitLanguageSource_v1"", ""section_id"": ""reviewer_attack_response_map..130"", ""source_content_sha256"": ""99240062e1eb056a9a684130c3624d361af73d40b40da6020aa9e78825c21d3b"", ""source_unit_id"": ""reviewer_attack_response_map__empirical_attacks__atom_130"", ""target_artifact_id"": ""reviewer_attack_response_map"", ""target_pdf_filename"": ""OC_CORE_1_4_REVIEWER_ATTACK_RESPONSE_MAP.pdf"", ""target_source_filename"": ""OC_CORE_1_4_REVIEWER_ATTACK_RESPONSE_MAP.md"", ""translation_source_text"": ""Existence requires: Tbind < Θbind . This cycle corresponds to perceptual and conceptual coherence. 245. For this evidence step, existence, requires, tbind narrows the r","Failure to provide observables, constraints, operators, invariants, falsifier, replay, and verification blocks empirical promotion.",Open until replay/proof chain closes this row without exceeding its claim ceiling.,"Verified against 035 attack_response_rows; row is a mapping/boundary obligation, not an empirical domain proof.",No empirical promotion from this mapping row; domain truth remains governed by the mapped evidence row.,2026-05-22T13:58:29.226046+00:00
OC39-QUEUE-OC35-ATTACK-RESPONSE-MAP-REVIEWER-ATTACK-RESPONSE-MAP-EMPIRICAL-ATTACKS-ATOM-131-H95FA7EF1C190,51,empirical_attack_response_mapping,OC35-ATTACK-RESPONSE-MAP-REVIEWER-ATTACK-RESPONSE-MAP-EMPIRICAL-ATTACKS-ATOM-131-H95FA7EF1C190,reviewer_attack_response_map__empirical_attacks__atom_131__h95fa7ef1c190,FORMALLY_PROVED_NONEMPIRICAL_PROJECTION,NO_SEED_BOUND_YET,,"Map reviewer_attack_response_map__empirical_attacks__atom_131__h95fa7ef1c190 to a domain/crown evidence row, repaired counterevidence row, or explicit nonclaim exclusion.",logion/k7/release_missions/oc_core_current/packages/oc_core_1_4/006/language_sources/units/reviewer_attack_response_map__empirical_attacks__atom_131__h95fa7ef1c190.json,"The row is empirically promotable only if a local evidence packet satisfies: Map reviewer_attack_response_map__empirical_attacks__atom_131__h95fa7ef1c190 to a domain/crown evidence row, repaired counterevidence row, or explicit nonclaim exclusion.",Bounded empirical projection only; no stronger domain-wide theory language.,logion/k7/release_missions/oc_core_current/packages/oc_core_1_4/006/language_sources/units/reviewer_attack_response_map__empirical_attacks__atom_131__h95fa7ef1c190.json; source_sha256=1f6df9b70b91b893e4c2730647bd222d3497d8caf167e47458fddad1852a2cbe; mapped_to=domain evidence/boundary lane `PHYSICS` plus 031-040 replay ledgers,"Formal mapping closure for reviewer empirical-attack unit `reviewer_attack_response_map__empirical_attacks__atom_131__h95fa7ef1c190`. Target hint `PHYSICS` is mapped to domain evidence/boundary lane `PHYSICS` plus 031-040 replay ledgers. This is not empirical promotion; it proves that the attack row is represented by an evidence/boundary obligation. Source hash `1f6df9b70b91b893e4c2730647bd222d3497d8caf167e47458fddad1852a2cbe`. Source excerpt: { ""chapter_id"": ""empirical_attacks"", ""chapter_title"": ""Empirical Attacks"", ""failure_reason_codes"": [], ""language_source_status"": ""PASS"", ""package_id"": ""OC_CORE_1_4_RELEASE_CANDIDATE"", ""run_id"": ""OC14_DECOMP_ASSEMBLE_BLOCKS_20260511"", ""schema_id"": ""PublicationUnitLanguageSource_v1"", ""section_id"": ""reviewer_attack_response_map..131"", ""source_content_sha256"": ""1f6df9b70b91b893e4c2730647bd222d3497d8caf167e47458fddad1852a2cbe"", ""source_unit_id"": ""reviewer_attack_response_map__empirical_attacks__atom_131"", ""target_artifact_id"": ""reviewer_attack_response_map"", ""target_pdf_filename"": ""OC_CORE_1_4_REVIEWER_ATTACK_RESPONSE_MAP.pdf"", ""target_source_filename"": ""OC_CORE_1_4_REVIEWER_ATTACK_RESPONSE_MAP.md"", ""translation_source_text"": ""Attention modulates the salience potential Psalience and selectively routes flows J6 . The cycle is: salience detection → attentional shift → enhancement → integration ","Failure to provide observables, constraints, operators, invariants, falsifier, replay, and verification blocks empirical promotion.",Open until replay/proof chain closes this row without exceeding its claim ceiling.,"Verified against 035 attack_response_rows; row is a mapping/boundary obligation, not an empirical domain proof.",No empirical promotion from this mapping row; domain truth remains governed by the mapped evidence row.,2026-05-22T13:58:29.226606+00:00
OC39-QUEUE-OC35-ATTACK-RESPONSE-MAP-REVIEWER-ATTACK-RESPONSE-MAP-EMPIRICAL-ATTACKS-ATOM-132-H33906AB53063,52,empirical_attack_response_mapping,OC35-ATTACK-RESPONSE-MAP-REVIEWER-ATTACK-RESPONSE-MAP-EMPIRICAL-ATTACKS-ATOM-132-H33906AB53063,reviewer_attack_response_map__empirical_attacks__atom_132__h33906ab53063,FORMALLY_PROVED_NONEMPIRICAL_PROJECTION,NO_SEED_BOUND_YET,,"Map reviewer_attack_response_map__empirical_attacks__atom_132__h33906ab53063 to a domain/crown evidence row, repaired counterevidence row, or explicit nonclaim exclusion.",logion/k7/release_missions/oc_core_current/packages/oc_core_1_4/006/language_sources/units/reviewer_attack_response_map__empirical_attacks__atom_132__h33906ab53063.json,"The row is empirically promotable only if a local evidence packet satisfies: Map reviewer_attack_response_map__empirical_attacks__atom_132__h33906ab53063 to a domain/crown evidence row, repaired counterevidence row, or explicit nonclaim exclusion.",Bounded empirical projection only; no stronger domain-wide theory language.,logion/k7/release_missions/oc_core_current/packages/oc_core_1_4/006/language_sources/units/reviewer_attack_response_map__empirical_attacks__atom_132__h33906ab53063.json; source_sha256=2239087dc5fc4daa04de8f3549cdc2078d25c642ac67784e75278db1eade4984; mapped_to=domain evidence/boundary lane `AI_SYSTEMS` plus 031-040 replay ledgers,"Formal mapping closure for reviewer empirical-attack unit `reviewer_attack_response_map__empirical_attacks__atom_132__h33906ab53063`. Target hint `AI_SYSTEMS` is mapped to domain evidence/boundary lane `AI_SYSTEMS` plus 031-040 replay ledgers. This is not empirical promotion; it proves that the attack row is represented by an evidence/boundary obligation. Source hash `2239087dc5fc4daa04de8f3549cdc2078d25c642ac67784e75278db1eade4984`. Source excerpt: { ""chapter_id"": ""empirical_attacks"", ""chapter_title"": ""Empirical Attacks"", ""failure_reason_codes"": [], ""language_source_status"": ""PASS"", ""package_id"": ""OC_CORE_1_4_RELEASE_CANDIDATE"", ""run_id"": ""OC14_DECOMP_ASSEMBLE_BLOCKS_20260511"", ""schema_id"": ""PublicationUnitLanguageSource_v1"", ""section_id"": ""reviewer_attack_response_map..132"", ""source_content_sha256"": ""2239087dc5fc4daa04de8f3549cdc2078d25c642ac67784e75278db1eade4984"", ""source_unit_id"": ""reviewer_attack_response_map__empirical_attacks__atom_132"", ""target_artifact_id"": ""reviewer_attack_response_map"", ""target_pdf_filename"": ""OC_CORE_1_4_REVIEWER_ATTACK_RESPONSE_MAP.pdf"", ""target_source_filename"": ""OC_CORE_1_4_REVIEWER_ATTACK_RESPONSE_MAP.md"", ""translation_source_text"": ""Cognition integrates across timescales: fast prediction ⇆ slow model update. Formally a slow–fast cycle: \b fast slow Cintegrate = (Ppred (t), Prep (t)) . The cycle is ","Failure to provide observables, constraints, operators, invariants, falsifier, replay, and verification blocks empirical promotion.",Open until replay/proof chain closes this row without exceeding its claim ceiling.,"Verified against 035 attack_response_rows; row is a mapping/boundary obligation, not an empirical domain proof.",No empirical promotion from this mapping row; domain truth remains governed by the mapped evidence row.,2026-05-22T13:58:29.227178+00:00
OC39-QUEUE-OC35-ATTACK-RESPONSE-MAP-REVIEWER-ATTACK-RESPONSE-MAP-EMPIRICAL-ATTACKS-ATOM-133-H37BA508D59CD,53,empirical_attack_response_mapping,OC35-ATTACK-RESPONSE-MAP-REVIEWER-ATTACK-RESPONSE-MAP-EMPIRICAL-ATTACKS-ATOM-133-H37BA508D59CD,reviewer_attack_response_map__empirical_attacks__atom_133__h37ba508d59cd,FORMALLY_PROVED_NONEMPIRICAL_PROJECTION,NO_SEED_BOUND_YET,,"Map reviewer_attack_response_map__empirical_attacks__atom_133__h37ba508d59cd to a domain/crown evidence row, repaired counterevidence row, or explicit nonclaim exclusion.",logion/k7/release_missions/oc_core_current/packages/oc_core_1_4/006/language_sources/units/reviewer_attack_response_map__empirical_attacks__atom_133__h37ba508d59cd.json,"The row is empirically promotable only if a local evidence packet satisfies: Map reviewer_attack_response_map__empirical_attacks__atom_133__h37ba508d59cd to a domain/crown evidence row, repaired counterevidence row, or explicit nonclaim exclusion.",Bounded empirical projection only; no stronger domain-wide theory language.,logion/k7/release_missions/oc_core_current/packages/oc_core_1_4/006/language_sources/units/reviewer_attack_response_map__empirical_attacks__atom_133__h37ba508d59cd.json; source_sha256=4e806b58a198603aa82bde8dbfd69e021f5e2690ac4234c1c270b8a6bcfca933; mapped_to=040 article boundary and non-inflation gate,"Formal mapping closure for reviewer empirical-attack unit `reviewer_attack_response_map__empirical_attacks__atom_133__h37ba508d59cd`. Target hint `GENERAL_EMPIRICAL_ATTACK` is mapped to 040 article boundary and non-inflation gate. This is not empirical promotion; it proves that the attack row is represented by an evidence/boundary obligation. Source hash `4e806b58a198603aa82bde8dbfd69e021f5e2690ac4234c1c270b8a6bcfca933`. Source excerpt: { ""chapter_id"": ""empirical_attacks"", ""chapter_title"": ""Empirical Attacks"", ""failure_reason_codes"": [], ""language_source_status"": ""PASS"", ""package_id"": ""OC_CORE_1_4_RELEASE_CANDIDATE"", ""run_id"": ""OC14_DECOMP_ASSEMBLE_BLOCKS_20260511"", ""schema_id"": ""PublicationUnitLanguageSource_v1"", ""section_id"": ""reviewer_attack_response_map..133"", ""source_content_sha256"": ""4e806b58a198603aa82bde8dbfd69e021f5e2690ac4234c1c270b8a6bcfca933"", ""source_unit_id"": ""reviewer_attack_response_map__empirical_attacks__atom_133"", ""target_artifact_id"": ""reviewer_attack_response_map"", ""target_pdf_filename"": ""OC_CORE_1_4_REVIEWER_ATTACK_RESPONSE_MAP.pdf"", ""target_source_filename"": ""OC_CORE_1_4_REVIEWER_ATTACK_RESPONSE_MAP.md"", ""translation_source_text"": ""Cooperation, sustained by Jcoop , is a recurrent structure: proposal → coordination → execution → reward → renewal. Formally. In Empirical Attacks, cooperation, sustain","Failure to provide observables, constraints, operators, invariants, falsifier, replay, and verification blocks empirical promotion.",Open until replay/proof chain closes this row without exceeding its claim ceiling.,"Verified against 035 attack_response_rows; row is a mapping/boundary obligation, not an empirical domain proof.",No empirical promotion from this mapping row; domain truth remains governed by the mapped evidence row.,2026-05-22T13:58:29.227739+00:00
OC39-QUEUE-OC35-ATTACK-RESPONSE-MAP-REVIEWER-ATTACK-RESPONSE-MAP-EMPIRICAL-ATTACKS-ATOM-134-HA256DA192B9E,54,empirical_attack_response_mapping,OC35-ATTACK-RESPONSE-MAP-REVIEWER-ATTACK-RESPONSE-MAP-EMPIRICAL-ATTACKS-ATOM-134-HA256DA192B9E,reviewer_attack_response_map__empirical_attacks__atom_134__ha256da192b9e,FORMALLY_PROVED_NONEMPIRICAL_PROJECTION,NO_SEED_BOUND_YET,,"Map reviewer_attack_response_map__empirical_attacks__atom_134__ha256da192b9e to a domain/crown evidence row, repaired counterevidence row, or explicit nonclaim exclusion.",logion/k7/release_missions/oc_core_current/packages/oc_core_1_4/006/language_sources/units/reviewer_attack_response_map__empirical_attacks__atom_134__ha256da192b9e.json,"The row is empirically promotable only if a local evidence packet satisfies: Map reviewer_attack_response_map__empirical_attacks__atom_134__ha256da192b9e to a domain/crown evidence row, repaired counterevidence row, or explicit nonclaim exclusion.",Bounded empirical projection only; no stronger domain-wide theory language.,logion/k7/release_missions/oc_core_current/packages/oc_core_1_4/006/language_sources/units/reviewer_attack_response_map__empirical_attacks__atom_134__ha256da192b9e.json; source_sha256=596c88dd9616a9496f723e0483df72014b8041686268ca13e1903dca2cfe3ed3; mapped_to=040 article boundary and non-inflation gate,"Formal mapping closure for reviewer empirical-attack unit `reviewer_attack_response_map__empirical_attacks__atom_134__ha256da192b9e`. Target hint `GENERAL_EMPIRICAL_ATTACK` is mapped to 040 article boundary and non-inflation gate. This is not empirical promotion; it proves that the attack row is represented by an evidence/boundary obligation. Source hash `596c88dd9616a9496f723e0483df72014b8041686268ca13e1903dca2cfe3ed3`. Source excerpt: { ""chapter_id"": ""empirical_attacks"", ""chapter_title"": ""Empirical Attacks"", ""failure_reason_codes"": [], ""language_source_status"": ""PASS"", ""package_id"": ""OC_CORE_1_4_RELEASE_CANDIDATE"", ""run_id"": ""OC14_DECOMP_ASSEMBLE_BLOCKS_20260511"", ""schema_id"": ""PublicationUnitLanguageSource_v1"", ""section_id"": ""reviewer_attack_response_map..134"", ""source_content_sha256"": ""596c88dd9616a9496f723e0483df72014b8041686268ca13e1903dca2cfe3ed3"", ""source_unit_id"": ""reviewer_attack_response_map__empirical_attacks__atom_134"", ""target_artifact_id"": ""reviewer_attack_response_map"", ""target_pdf_filename"": ""OC_CORE_1_4_REVIEWER_ATTACK_RESPONSE_MAP.pdf"", ""target_source_filename"": ""OC_CORE_1_4_REVIEWER_ATTACK_RESPONSE_MAP.md"", ""translation_source_text"": ""The macro-cycle linking production, transport and consumption. Production → Transport → Use → Waste processing → Repair → Production. (. In Empirical Attacks, macro-cyc","Failure to provide observables, constraints, operators, invariants, falsifier, replay, and verification blocks empirical promotion.",Open until replay/proof chain closes this row without exceeding its claim ceiling.,"Verified against 035 attack_response_rows; row is a mapping/boundary obligation, not an empirical domain proof.",No empirical promotion from this mapping row; domain truth remains governed by the mapped evidence row.,2026-05-22T13:58:29.228350+00:00
OC39-QUEUE-OC35-ATTACK-RESPONSE-MAP-REVIEWER-ATTACK-RESPONSE-MAP-EMPIRICAL-ATTACKS-ATOM-135-HE1B2C597AEFE,55,empirical_attack_response_mapping,OC35-ATTACK-RESPONSE-MAP-REVIEWER-ATTACK-RESPONSE-MAP-EMPIRICAL-ATTACKS-ATOM-135-HE1B2C597AEFE,reviewer_attack_response_map__empirical_attacks__atom_135__he1b2c597aefe,FORMALLY_PROVED_NONEMPIRICAL_PROJECTION,NO_SEED_BOUND_YET,,"Map reviewer_attack_response_map__empirical_attacks__atom_135__he1b2c597aefe to a domain/crown evidence row, repaired counterevidence row, or explicit nonclaim exclusion.",logion/k7/release_missions/oc_core_current/packages/oc_core_1_4/006/language_sources/units/reviewer_attack_response_map__empirical_attacks__atom_135__he1b2c597aefe.json,"The row is empirically promotable only if a local evidence packet satisfies: Map reviewer_attack_response_map__empirical_attacks__atom_135__he1b2c597aefe to a domain/crown evidence row, repaired counterevidence row, or explicit nonclaim exclusion.",Bounded empirical projection only; no stronger domain-wide theory language.,logion/k7/release_missions/oc_core_current/packages/oc_core_1_4/006/language_sources/units/reviewer_attack_response_map__empirical_attacks__atom_135__he1b2c597aefe.json; source_sha256=03253a30b30ff21c102b3e557fac11835e12447ec00b83c930466f7e715360f8; mapped_to=040 article boundary and non-inflation gate,"Formal mapping closure for reviewer empirical-attack unit `reviewer_attack_response_map__empirical_attacks__atom_135__he1b2c597aefe`. Target hint `GENERAL_EMPIRICAL_ATTACK` is mapped to 040 article boundary and non-inflation gate. This is not empirical promotion; it proves that the attack row is represented by an evidence/boundary obligation. Source hash `03253a30b30ff21c102b3e557fac11835e12447ec00b83c930466f7e715360f8`. Source excerpt: { ""chapter_id"": ""empirical_attacks"", ""chapter_title"": ""Empirical Attacks"", ""failure_reason_codes"": [], ""language_source_status"": ""PASS"", ""package_id"": ""OC_CORE_1_4_RELEASE_CANDIDATE"", ""run_id"": ""OC14_DECOMP_ASSEMBLE_BLOCKS_20260511"", ""schema_id"": ""PublicationUnitLanguageSource_v1"", ""section_id"": ""reviewer_attack_response_map..135"", ""source_content_sha256"": ""03253a30b30ff21c102b3e557fac11835e12447ec00b83c930466f7e715360f8"", ""source_unit_id"": ""reviewer_attack_response_map__empirical_attacks__atom_135"", ""target_artifact_id"": ""reviewer_attack_response_map"", ""target_pdf_filename"": ""OC_CORE_1_4_REVIEWER_ATTACK_RESPONSE_MAP.pdf"", ""target_source_filename"": ""OC_CORE_1_4_REVIEWER_ATTACK_RESPONSE_MAP.md"", ""translation_source_text"": ""Demographic stability is necessary for sustaining labor, knowledge transfer, military capacity and intergenerational reproduction. Birth → Growth → Education → Labour →","Failure to provide observables, constraints, operators, invariants, falsifier, replay, and verification blocks empirical promotion.",Open until replay/proof chain closes this row without exceeding its claim ceiling.,"Verified against 035 attack_response_rows; row is a mapping/boundary obligation, not an empirical domain proof.",No empirical promotion from this mapping row; domain truth remains governed by the mapped evidence row.,2026-05-22T13:58:29.228969+00:00
OC39-QUEUE-OC35-ATTACK-RESPONSE-MAP-REVIEWER-ATTACK-RESPONSE-MAP-EMPIRICAL-ATTACKS-ATOM-136-H011C158812E5,56,empirical_attack_response_mapping,OC35-ATTACK-RESPONSE-MAP-REVIEWER-ATTACK-RESPONSE-MAP-EMPIRICAL-ATTACKS-ATOM-136-H011C158812E5,reviewer_attack_response_map__empirical_attacks__atom_136__h011c158812e5,FORMALLY_PROVED_NONEMPIRICAL_PROJECTION,NO_SEED_BOUND_YET,,"Map reviewer_attack_response_map__empirical_attacks__atom_136__h011c158812e5 to a domain/crown evidence row, repaired counterevidence row, or explicit nonclaim exclusion.",logion/k7/release_missions/oc_core_current/packages/oc_core_1_4/006/language_sources/units/reviewer_attack_response_map__empirical_attacks__atom_136__h011c158812e5.json,"The row is empirically promotable only if a local evidence packet satisfies: Map reviewer_attack_response_map__empirical_attacks__atom_136__h011c158812e5 to a domain/crown evidence row, repaired counterevidence row, or explicit nonclaim exclusion.",Bounded empirical projection only; no stronger domain-wide theory language.,logion/k7/release_missions/oc_core_current/packages/oc_core_1_4/006/language_sources/units/reviewer_attack_response_map__empirical_attacks__atom_136__h011c158812e5.json; source_sha256=7e48d2e7f42248e707784c2df70026faf70898999084e83f170a1644587e42e0; mapped_to=domain evidence/boundary lane `AI_SYSTEMS` plus 031-040 replay ledgers,"Formal mapping closure for reviewer empirical-attack unit `reviewer_attack_response_map__empirical_attacks__atom_136__h011c158812e5`. Target hint `AI_SYSTEMS` is mapped to domain evidence/boundary lane `AI_SYSTEMS` plus 031-040 replay ledgers. This is not empirical promotion; it proves that the attack row is represented by an evidence/boundary obligation. Source hash `7e48d2e7f42248e707784c2df70026faf70898999084e83f170a1644587e42e0`. Source excerpt: { ""chapter_id"": ""empirical_attacks"", ""chapter_title"": ""Empirical Attacks"", ""failure_reason_codes"": [], ""language_source_status"": ""PASS"", ""package_id"": ""OC_CORE_1_4_RELEASE_CANDIDATE"", ""run_id"": ""OC14_DECOMP_ASSEMBLE_BLOCKS_20260511"", ""schema_id"": ""PublicationUnitLanguageSource_v1"", ""section_id"": ""reviewer_attack_response_map..136"", ""source_content_sha256"": ""7e48d2e7f42248e707784c2df70026faf70898999084e83f170a1644587e42e0"", ""source_unit_id"": ""reviewer_attack_response_map__empirical_attacks__atom_136"", ""target_artifact_id"": ""reviewer_attack_response_map"", ""target_pdf_filename"": ""OC_CORE_1_4_REVIEWER_ATTACK_RESPONSE_MAP.pdf"", ""target_source_filename"": ""OC_CORE_1_4_REVIEWER_ATTACK_RESPONSE_MAP.md"", ""translation_source_text"": ""The state space is Ω(K9 ) = {theories, logics, paradigms, ontologies, models, interpretations}. The axes A9 (t) include: A9 = {logical distinctions, ontological distinc","Failure to provide observables, constraints, operators, invariants, falsifier, replay, and verification blocks empirical promotion.",Open until replay/proof chain closes this row without exceeding its claim ceiling.,"Verified against 035 attack_response_rows; row is a mapping/boundary obligation, not an empirical domain proof.",No empirical promotion from this mapping row; domain truth remains governed by the mapped evidence row.,2026-05-22T13:58:29.229585+00:00
OC39-QUEUE-OC35-ATTACK-RESPONSE-MAP-REVIEWER-ATTACK-RESPONSE-MAP-EMPIRICAL-ATTACKS-ATOM-137-HA1583AB62BE3,57,empirical_attack_response_mapping,OC35-ATTACK-RESPONSE-MAP-REVIEWER-ATTACK-RESPONSE-MAP-EMPIRICAL-ATTACKS-ATOM-137-HA1583AB62BE3,reviewer_attack_response_map__empirical_attacks__atom_137__ha1583ab62be3,FORMALLY_PROVED_NONEMPIRICAL_PROJECTION,NO_SEED_BOUND_YET,,"Map reviewer_attack_response_map__empirical_attacks__atom_137__ha1583ab62be3 to a domain/crown evidence row, repaired counterevidence row, or explicit nonclaim exclusion.",logion/k7/release_missions/oc_core_current/packages/oc_core_1_4/006/language_sources/units/reviewer_attack_response_map__empirical_attacks__atom_137__ha1583ab62be3.json,"The row is empirically promotable only if a local evidence packet satisfies: Map reviewer_attack_response_map__empirical_attacks__atom_137__ha1583ab62be3 to a domain/crown evidence row, repaired counterevidence row, or explicit nonclaim exclusion.",Bounded empirical projection only; no stronger domain-wide theory language.,logion/k7/release_missions/oc_core_current/packages/oc_core_1_4/006/language_sources/units/reviewer_attack_response_map__empirical_attacks__atom_137__ha1583ab62be3.json; source_sha256=dfb1dc831fa85a63843a2cb7ecb3c12ddbb363eb2b4ab5e3c58c1d353154d585; mapped_to=domain evidence/boundary lane `SYSTEMS_CIVILIZATIONAL_PROJECTION` plus 031-040 replay ledgers,"Formal mapping closure for reviewer empirical-attack unit `reviewer_attack_response_map__empirical_attacks__atom_137__ha1583ab62be3`. Target hint `SYSTEMS_CIVILIZATIONAL_PROJECTION` is mapped to domain evidence/boundary lane `SYSTEMS_CIVILIZATIONAL_PROJECTION` plus 031-040 replay ledgers. This is not empirical promotion; it proves that the attack row is represented by an evidence/boundary obligation. Source hash `dfb1dc831fa85a63843a2cb7ecb3c12ddbb363eb2b4ab5e3c58c1d353154d585`. Source excerpt: { ""chapter_id"": ""empirical_attacks"", ""chapter_title"": ""Empirical Attacks"", ""failure_reason_codes"": [], ""language_source_status"": ""PASS"", ""package_id"": ""OC_CORE_1_4_RELEASE_CANDIDATE"", ""run_id"": ""OC14_DECOMP_ASSEMBLE_BLOCKS_20260511"", ""schema_id"": ""PublicationUnitLanguageSource_v1"", ""section_id"": ""reviewer_attack_response_map..137"", ""source_content_sha256"": ""dfb1dc831fa85a63843a2cb7ecb3c12ddbb363eb2b4ab5e3c58c1d353154d585"", ""source_unit_id"": ""reviewer_attack_response_map__empirical_attacks__atom_137"", ""target_artifact_id"": ""reviewer_attack_response_map"", ""target_pdf_filename"": ""OC_CORE_1_4_REVIEWER_ATTACK_RESPONSE_MAP.pdf"", ""target_source_filename"": ""OC_CORE_1_4_REVIEWER_ATTACK_RESPONSE_MAP.md"", ""translation_source_text"": ""Civilizational stability depends on maintaining complex infrastructures. Inspection → Repair → Upgrade → Integration → Inspection. (. In Empirical Attacks, civilization","Failure to provide observables, constraints, operators, invariants, falsifier, replay, and verification blocks empirical promotion.",Open until replay/proof chain closes this row without exceeding its claim ceiling.,"Verified against 035 attack_response_rows; row is a mapping/boundary obligation, not an empirical domain proof.",No empirical promotion from this mapping row; domain truth remains governed by the mapped evidence row.,2026-05-22T13:58:29.230131+00:00
OC39-QUEUE-OC35-ATTACK-RESPONSE-MAP-REVIEWER-ATTACK-RESPONSE-MAP-EMPIRICAL-ATTACKS-ATOM-138-HC3E277ECA806,58,empirical_attack_response_mapping,OC35-ATTACK-RESPONSE-MAP-REVIEWER-ATTACK-RESPONSE-MAP-EMPIRICAL-ATTACKS-ATOM-138-HC3E277ECA806,reviewer_attack_response_map__empirical_attacks__atom_138__hc3e277eca806,FORMALLY_PROVED_NONEMPIRICAL_PROJECTION,NO_SEED_BOUND_YET,,"Map reviewer_attack_response_map__empirical_attacks__atom_138__hc3e277eca806 to a domain/crown evidence row, repaired counterevidence row, or explicit nonclaim exclusion.",logion/k7/release_missions/oc_core_current/packages/oc_core_1_4/006/language_sources/units/reviewer_attack_response_map__empirical_attacks__atom_138__hc3e277eca806.json,"The row is empirically promotable only if a local evidence packet satisfies: Map reviewer_attack_response_map__empirical_attacks__atom_138__hc3e277eca806 to a domain/crown evidence row, repaired counterevidence row, or explicit nonclaim exclusion.",Bounded empirical projection only; no stronger domain-wide theory language.,logion/k7/release_missions/oc_core_current/packages/oc_core_1_4/006/language_sources/units/reviewer_attack_response_map__empirical_attacks__atom_138__hc3e277eca806.json; source_sha256=def7f01fc2fb5d0bc4361f2dab0161fc441ee06bec7dbc112e5b47f6da156d23; mapped_to=domain evidence/boundary lane `PHYSICS` plus 031-040 replay ledgers,"Formal mapping closure for reviewer empirical-attack unit `reviewer_attack_response_map__empirical_attacks__atom_138__hc3e277eca806`. Target hint `PHYSICS` is mapped to domain evidence/boundary lane `PHYSICS` plus 031-040 replay ledgers. This is not empirical promotion; it proves that the attack row is represented by an evidence/boundary obligation. Source hash `def7f01fc2fb5d0bc4361f2dab0161fc441ee06bec7dbc112e5b47f6da156d23`. Source excerpt: { ""chapter_id"": ""empirical_attacks"", ""chapter_title"": ""Empirical Attacks"", ""failure_reason_codes"": [], ""language_source_status"": ""PASS"", ""package_id"": ""OC_CORE_1_4_RELEASE_CANDIDATE"", ""run_id"": ""OC14_DECOMP_ASSEMBLE_BLOCKS_20260511"", ""schema_id"": ""PublicationUnitLanguageSource_v1"", ""section_id"": ""reviewer_attack_response_map..138"", ""source_content_sha256"": ""def7f01fc2fb5d0bc4361f2dab0161fc441ee06bec7dbc112e5b47f6da156d23"", ""source_unit_id"": ""reviewer_attack_response_map__empirical_attacks__atom_138"", ""target_artifact_id"": ""reviewer_attack_response_map"", ""target_pdf_filename"": ""OC_CORE_1_4_REVIEWER_ATTACK_RESPONSE_MAP.pdf"", ""target_source_filename"": ""OC_CORE_1_4_REVIEWER_ATTACK_RESPONSE_MAP.md"", ""translation_source_text"": ""Potentials P 9 (t): P 9 (t) = {explanatory strength, predictive power, simplicity, systematicity, coherence}. Flows J 9 (t): J 9 (t) = {argumentation, proofs, interpret","Failure to provide observables, constraints, operators, invariants, falsifier, replay, and verification blocks empirical promotion.",Open until replay/proof chain closes this row without exceeding its claim ceiling.,"Verified against 035 attack_response_rows; row is a mapping/boundary obligation, not an empirical domain proof.",No empirical promotion from this mapping row; domain truth remains governed by the mapped evidence row.,2026-05-22T13:58:29.230722+00:00
OC39-QUEUE-OC35-ATTACK-RESPONSE-MAP-REVIEWER-ATTACK-RESPONSE-MAP-EMPIRICAL-ATTACKS-ATOM-139-H318F2264ED98,59,empirical_attack_response_mapping,OC35-ATTACK-RESPONSE-MAP-REVIEWER-ATTACK-RESPONSE-MAP-EMPIRICAL-ATTACKS-ATOM-139-H318F2264ED98,reviewer_attack_response_map__empirical_attacks__atom_139__h318f2264ed98,FORMALLY_PROVED_NONEMPIRICAL_PROJECTION,NO_SEED_BOUND_YET,,"Map reviewer_attack_response_map__empirical_attacks__atom_139__h318f2264ed98 to a domain/crown evidence row, repaired counterevidence row, or explicit nonclaim exclusion.",logion/k7/release_missions/oc_core_current/packages/oc_core_1_4/006/language_sources/units/reviewer_attack_response_map__empirical_attacks__atom_139__h318f2264ed98.json,"The row is empirically promotable only if a local evidence packet satisfies: Map reviewer_attack_response_map__empirical_attacks__atom_139__h318f2264ed98 to a domain/crown evidence row, repaired counterevidence row, or explicit nonclaim exclusion.",Bounded empirical projection only; no stronger domain-wide theory language.,logion/k7/release_missions/oc_core_current/packages/oc_core_1_4/006/language_sources/units/reviewer_attack_response_map__empirical_attacks__atom_139__h318f2264ed98.json; source_sha256=a55fdc4ac4c16c000f486f3ed3259c8d196e46894aaddce964904f41ff6f0f42; mapped_to=040 article boundary and non-inflation gate,"Formal mapping closure for reviewer empirical-attack unit `reviewer_attack_response_map__empirical_attacks__atom_139__h318f2264ed98`. Target hint `GENERAL_EMPIRICAL_ATTACK` is mapped to 040 article boundary and non-inflation gate. This is not empirical promotion; it proves that the attack row is represented by an evidence/boundary obligation. Source hash `a55fdc4ac4c16c000f486f3ed3259c8d196e46894aaddce964904f41ff6f0f42`. Source excerpt: { ""chapter_id"": ""empirical_attacks"", ""chapter_title"": ""Empirical Attacks"", ""failure_reason_codes"": [], ""language_source_status"": ""PASS"", ""package_id"": ""OC_CORE_1_4_RELEASE_CANDIDATE"", ""run_id"": ""OC14_DECOMP_ASSEMBLE_BLOCKS_20260511"", ""schema_id"": ""PublicationUnitLanguageSource_v1"", ""section_id"": ""reviewer_attack_response_map..139"", ""source_content_sha256"": ""a55fdc4ac4c16c000f486f3ed3259c8d196e46894aaddce964904f41ff6f0f42"", ""source_unit_id"": ""reviewer_attack_response_map__empirical_attacks__atom_139"", ""target_artifact_id"": ""reviewer_attack_response_map"", ""target_pdf_filename"": ""OC_CORE_1_4_REVIEWER_ATTACK_RESPONSE_MAP.pdf"", ""target_source_filename"": ""OC_CORE_1_4_REVIEWER_ATTACK_RESPONSE_MAP.md"", ""translation_source_text"": ""A concept is stabilised through recurrence across transformation axes: \b Cconcept = Arep (t), Prep (t), Pstability (t) . It is defined by: Pstability (t + τ ) = Pstabi","Failure to provide observables, constraints, operators, invariants, falsifier, replay, and verification blocks empirical promotion.",Open until replay/proof chain closes this row without exceeding its claim ceiling.,"Verified against 035 attack_response_rows; row is a mapping/boundary obligation, not an empirical domain proof.",No empirical promotion from this mapping row; domain truth remains governed by the mapped evidence row.,2026-05-22T13:58:29.231310+00:00
OC39-QUEUE-OC35-ATTACK-RESPONSE-MAP-REVIEWER-ATTACK-RESPONSE-MAP-EMPIRICAL-ATTACKS-ATOM-140-HFCD0E57E6C0C,60,empirical_attack_response_mapping,OC35-ATTACK-RESPONSE-MAP-REVIEWER-ATTACK-RESPONSE-MAP-EMPIRICAL-ATTACKS-ATOM-140-HFCD0E57E6C0C,reviewer_attack_response_map__empirical_attacks__atom_140__hfcd0e57e6c0c,FORMALLY_PROVED_NONEMPIRICAL_PROJECTION,NO_SEED_BOUND_YET,,"Map reviewer_attack_response_map__empirical_attacks__atom_140__hfcd0e57e6c0c to a domain/crown evidence row, repaired counterevidence row, or explicit nonclaim exclusion.",logion/k7/release_missions/oc_core_current/packages/oc_core_1_4/006/language_sources/units/reviewer_attack_response_map__empirical_attacks__atom_140__hfcd0e57e6c0c.json,"The row is empirically promotable only if a local evidence packet satisfies: Map reviewer_attack_response_map__empirical_attacks__atom_140__hfcd0e57e6c0c to a domain/crown evidence row, repaired counterevidence row, or explicit nonclaim exclusion.",Bounded empirical projection only; no stronger domain-wide theory language.,logion/k7/release_missions/oc_core_current/packages/oc_core_1_4/006/language_sources/units/reviewer_attack_response_map__empirical_attacks__atom_140__hfcd0e57e6c0c.json; source_sha256=24091edabc667a3ea9cf18c3945dd2b9101a1abe5ee94daef51fb16a9d4d4ac9; mapped_to=040 article boundary and non-inflation gate,"Formal mapping closure for reviewer empirical-attack unit `reviewer_attack_response_map__empirical_attacks__atom_140__hfcd0e57e6c0c`. Target hint `GENERAL_EMPIRICAL_ATTACK` is mapped to 040 article boundary and non-inflation gate. This is not empirical promotion; it proves that the attack row is represented by an evidence/boundary obligation. Source hash `24091edabc667a3ea9cf18c3945dd2b9101a1abe5ee94daef51fb16a9d4d4ac9`. Source excerpt: { ""chapter_id"": ""empirical_attacks"", ""chapter_title"": ""Empirical Attacks"", ""failure_reason_codes"": [], ""language_source_status"": ""PASS"", ""package_id"": ""OC_CORE_1_4_RELEASE_CANDIDATE"", ""run_id"": ""OC14_DECOMP_ASSEMBLE_BLOCKS_20260511"", ""schema_id"": ""PublicationUnitLanguageSource_v1"", ""section_id"": ""reviewer_attack_response_map..140"", ""source_content_sha256"": ""24091edabc667a3ea9cf18c3945dd2b9101a1abe5ee94daef51fb16a9d4d4ac9"", ""source_unit_id"": ""reviewer_attack_response_map__empirical_attacks__atom_140"", ""target_artifact_id"": ""reviewer_attack_response_map"", ""target_pdf_filename"": ""OC_CORE_1_4_REVIEWER_ATTACK_RESPONSE_MAP.pdf"", ""target_source_filename"": ""OC_CORE_1_4_REVIEWER_ATTACK_RESPONSE_MAP.md"", ""translation_source_text"": ""Using the scoped cycle metrics (the corresponding derivation note): Length. At this point in Empirical Attacks, using, scoped, cycle tests the evidence boundary while m","Failure to provide observables, constraints, operators, invariants, falsifier, replay, and verification blocks empirical promotion.",Open until replay/proof chain closes this row without exceeding its claim ceiling.,"Verified against 035 attack_response_rows; row is a mapping/boundary obligation, not an empirical domain proof.",No empirical promotion from this mapping row; domain truth remains governed by the mapped evidence row.,2026-05-22T13:58:29.231888+00:00
OC39-QUEUE-OC35-ATTACK-RESPONSE-MAP-REVIEWER-ATTACK-RESPONSE-MAP-EMPIRICAL-ATTACKS-ATOM-141-HDE60962D7772,61,empirical_attack_response_mapping,OC35-ATTACK-RESPONSE-MAP-REVIEWER-ATTACK-RESPONSE-MAP-EMPIRICAL-ATTACKS-ATOM-141-HDE60962D7772,reviewer_attack_response_map__empirical_attacks__atom_141__hde60962d7772,FORMALLY_PROVED_NONEMPIRICAL_PROJECTION,NO_SEED_BOUND_YET,,"Map reviewer_attack_response_map__empirical_attacks__atom_141__hde60962d7772 to a domain/crown evidence row, repaired counterevidence row, or explicit nonclaim exclusion.",logion/k7/release_missions/oc_core_current/packages/oc_core_1_4/006/language_sources/units/reviewer_attack_response_map__empirical_attacks__atom_141__hde60962d7772.json,"The row is empirically promotable only if a local evidence packet satisfies: Map reviewer_attack_response_map__empirical_attacks__atom_141__hde60962d7772 to a domain/crown evidence row, repaired counterevidence row, or explicit nonclaim exclusion.",Bounded empirical projection only; no stronger domain-wide theory language.,logion/k7/release_missions/oc_core_current/packages/oc_core_1_4/006/language_sources/units/reviewer_attack_response_map__empirical_attacks__atom_141__hde60962d7772.json; source_sha256=ba10ff0bd308951f7136f43eb3ca75473f719cce81eb68a4a34ef532f358b1a1; mapped_to=040 article boundary and non-inflation gate,"Formal mapping closure for reviewer empirical-attack unit `reviewer_attack_response_map__empirical_attacks__atom_141__hde60962d7772`. Target hint `GENERAL_EMPIRICAL_ATTACK` is mapped to 040 article boundary and non-inflation gate. This is not empirical promotion; it proves that the attack row is represented by an evidence/boundary obligation. Source hash `ba10ff0bd308951f7136f43eb3ca75473f719cce81eb68a4a34ef532f358b1a1`. Source excerpt: { ""chapter_id"": ""empirical_attacks"", ""chapter_title"": ""Empirical Attacks"", ""failure_reason_codes"": [], ""language_source_status"": ""PASS"", ""package_id"": ""OC_CORE_1_4_RELEASE_CANDIDATE"", ""run_id"": ""OC14_DECOMP_ASSEMBLE_BLOCKS_20260511"", ""schema_id"": ""PublicationUnitLanguageSource_v1"", ""section_id"": ""reviewer_attack_response_map..141"", ""source_content_sha256"": ""ba10ff0bd308951f7136f43eb3ca75473f719cce81eb68a4a34ef532f358b1a1"", ""source_unit_id"": ""reviewer_attack_response_map__empirical_attacks__atom_141"", ""target_artifact_id"": ""reviewer_attack_response_map"", ""target_pdf_filename"": ""OC_CORE_1_4_REVIEWER_ATTACK_RESPONSE_MAP.pdf"", ""target_source_filename"": ""OC_CORE_1_4_REVIEWER_ATTACK_RESPONSE_MAP.md"", ""translation_source_text"": ""Cognitive representations have to bind their components across representational axes Abind . The binding cycle: feature extraction → coherence formation → integration →","Failure to provide observables, constraints, operators, invariants, falsifier, replay, and verification blocks empirical promotion.",Open until replay/proof chain closes this row without exceeding its claim ceiling.,"Verified against 035 attack_response_rows; row is a mapping/boundary obligation, not an empirical domain proof.",No empirical promotion from this mapping row; domain truth remains governed by the mapped evidence row.,2026-05-22T13:58:29.232433+00:00
OC39-QUEUE-OC35-ATTACK-RESPONSE-MAP-REVIEWER-ATTACK-RESPONSE-MAP-EMPIRICAL-ATTACKS-ATOM-142-H7C68D47B6883,62,empirical_attack_response_mapping,OC35-ATTACK-RESPONSE-MAP-REVIEWER-ATTACK-RESPONSE-MAP-EMPIRICAL-ATTACKS-ATOM-142-H7C68D47B6883,reviewer_attack_response_map__empirical_attacks__atom_142__h7c68d47b6883,FORMALLY_PROVED_NONEMPIRICAL_PROJECTION,NO_SEED_BOUND_YET,,"Map reviewer_attack_response_map__empirical_attacks__atom_142__h7c68d47b6883 to a domain/crown evidence row, repaired counterevidence row, or explicit nonclaim exclusion.",logion/k7/release_missions/oc_core_current/packages/oc_core_1_4/006/language_sources/units/reviewer_attack_response_map__empirical_attacks__atom_142__h7c68d47b6883.json,"The row is empirically promotable only if a local evidence packet satisfies: Map reviewer_attack_response_map__empirical_attacks__atom_142__h7c68d47b6883 to a domain/crown evidence row, repaired counterevidence row, or explicit nonclaim exclusion.",Bounded empirical projection only; no stronger domain-wide theory language.,logion/k7/release_missions/oc_core_current/packages/oc_core_1_4/006/language_sources/units/reviewer_attack_response_map__empirical_attacks__atom_142__h7c68d47b6883.json; source_sha256=a2f70aef7da03f76f375ccd3382612fbd914610ead6881726d635f8382735823; mapped_to=040 article boundary and non-inflation gate,"Formal mapping closure for reviewer empirical-attack unit `reviewer_attack_response_map__empirical_attacks__atom_142__h7c68d47b6883`. Target hint `GENERAL_EMPIRICAL_ATTACK` is mapped to 040 article boundary and non-inflation gate. This is not empirical promotion; it proves that the attack row is represented by an evidence/boundary obligation. Source hash `a2f70aef7da03f76f375ccd3382612fbd914610ead6881726d635f8382735823`. Source excerpt: { ""chapter_id"": ""empirical_attacks"", ""chapter_title"": ""Empirical Attacks"", ""failure_reason_codes"": [], ""language_source_status"": ""PASS"", ""package_id"": ""OC_CORE_1_4_RELEASE_CANDIDATE"", ""run_id"": ""OC14_DECOMP_ASSEMBLE_BLOCKS_20260511"", ""schema_id"": ""PublicationUnitLanguageSource_v1"", ""section_id"": ""reviewer_attack_response_map..142"", ""source_content_sha256"": ""a2f70aef7da03f76f375ccd3382612fbd914610ead6881726d635f8382735823"", ""source_unit_id"": ""reviewer_attack_response_map__empirical_attacks__atom_142"", ""target_artifact_id"": ""reviewer_attack_response_map"", ""target_pdf_filename"": ""OC_CORE_1_4_REVIEWER_ATTACK_RESPONSE_MAP.pdf"", ""target_source_filename"": ""OC_CORE_1_4_REVIEWER_ATTACK_RESPONSE_MAP.md"", ""translation_source_text"": ""Trust is a dynamic potential Ptrust subject to fluctuations, erosion, and restoration. Cycle structure: cooperation → verification → reinforcement → renewal → cooperati","Failure to provide observables, constraints, operators, invariants, falsifier, replay, and verification blocks empirical promotion.",Open until replay/proof chain closes this row without exceeding its claim ceiling.,"Verified against 035 attack_response_rows; row is a mapping/boundary obligation, not an empirical domain proof.",No empirical promotion from this mapping row; domain truth remains governed by the mapped evidence row.,2026-05-22T13:58:29.232995+00:00
OC39-QUEUE-OC35-ARTICLE-FULL-EMPIRICAL-CLOSEOUT,63,article_closeout_gate,OC35-ARTICLE-FULL-EMPIRICAL-CLOSEOUT,FULL_EMPIRICAL_CLOSEOUT,FORMALLY_PROVED_NONEMPIRICAL_PROJECTION,NOT_DATASET_ROW_FORMAL_GRAPH_GATE,,"Close every domain empirical upgrade, crown theorem-chain, and empirical attack-response mapping before article promotion.",OC_CONTINUOUS_EVIDENCE_PACKET_ARTICLE_BOUNDARY_035.md; logion/k7/release_missions/oc_core_current/packages/oc_core_1_4/033/full_empirical_theory_expansion/oc_full_empirical_theory_expansion_033.sqlite; logion/k7/release_missions/oc_core_current/packages/oc_core_1_4/034/sequential_evidence_packet_closure/oc_sequential_evidence_packet_closure_034.sqlite; formal/python/validate_035.py; formal/OCContinuous/Basic.lean; DATASET_MANIFEST_039.json,"The row is empirically promotable only if a local evidence packet satisfies: Close every domain empirical upgrade, crown theorem-chain, and empirical attack-response mapping before article promotion.",Bounded empirical projection only; no stronger domain-wide theory language.,040 DB terminal graph; DATASET_MANIFEST_040.json; OC_CONTINUOUS_REPLAY_ARTICLE_BOUNDARY_040.md,"Article closeout gate is closed for 040: all 63 obligations are terminal at bounded ceilings, heavy datasets are manifest-only, empirical rows have replay evidence, crown overclaims are rejected or theorem-chain bounded, and article wording is constrained by the evidence ledger.","Failure to provide observables, constraints, operators, invariants, falsifier, replay, and verification blocks empirical promotion.",Dependency closure replay: every prerequisite 040 row outside the current graph gate is terminal at its lawful ceiling.,Independent verification: full empirical closeout flag may flip only after this row because every other 040 row is terminal and promoted wording is ceiling-bound.,Run validate_040.py; do not claim stronger empirical universality than the row ceilings permit.,2026-05-22T14:32:07.133261+00:00
